{"authorDailyContributionsMap":{"moziliar":[],"t-cheepeng":[],"kkangs0226":[],"ptvrajsk":[],"halfwhole":[],"dcshzj":[],"gerhean":[],"rolandyuwy":[],"HCY123902":[],"jianhandev":[],"Derek-Hardy":[],"daongochieu2810":[],"dingyuchen":[],"raysonkoh":[],"teikjun":[],"wxwxwxwx9":[],"seanlowjk":[],"jonahtanjz":[],"AdithyaNarayan":[],"ryoarmanda":[]},"authorFileTypeContributionMap":{"moziliar":{"java":0,"js":0,"css":0,"json":0,"md":0,"py":0,"vue":0},"t-cheepeng":{"java":0,"js":0,"css":0,"json":0,"md":0,"py":0,"vue":0},"kkangs0226":{"java":0,"js":0,"css":0,"json":0,"md":0,"py":0,"vue":0},"ptvrajsk":{"java":0,"js":0,"css":0,"json":0,"md":0,"py":0,"vue":0},"halfwhole":{"java":0,"js":0,"css":0,"json":0,"md":0,"py":0,"vue":0},"dcshzj":{"java":0,"js":0,"css":0,"json":0,"md":0,"py":0,"vue":0},"gerhean":{"java":0,"js":0,"css":0,"json":0,"md":0,"py":0,"vue":0},"rolandyuwy":{"java":0,"js":0,"css":0,"json":0,"md":0,"py":0,"vue":0},"HCY123902":{"java":0,"js":0,"css":0,"json":0,"md":0,"py":0,"vue":0},"jianhandev":{"java":0,"js":0,"css":0,"json":0,"md":0,"py":0,"vue":0},"Derek-Hardy":{"java":0,"js":0,"css":0,"json":0,"md":0,"py":0,"vue":0},"daongochieu2810":{"java":0,"js":0,"css":0,"json":0,"md":0,"py":0,"vue":0},"dingyuchen":{"java":0,"js":0,"css":0,"json":0,"md":0,"py":0,"vue":0},"raysonkoh":{"java":0,"js":0,"css":0,"json":0,"md":0,"py":0,"vue":0},"teikjun":{"java":0,"js":0,"css":0,"json":0,"md":0,"py":0,"vue":0},"wxwxwxwx9":{"java":0,"js":0,"css":0,"json":0,"md":0,"py":0,"vue":0},"seanlowjk":{"java":0,"js":0,"css":0,"json":0,"md":0,"py":0,"vue":0},"jonahtanjz":{"java":0,"js":0,"css":0,"json":0,"md":0,"py":0,"vue":0},"AdithyaNarayan":{"java":0,"js":0,"css":0,"json":0,"md":0,"py":0,"vue":0},"ryoarmanda":{"java":0,"js":0,"css":0,"json":0,"md":0,"py":0,"vue":0}},"authorContributionVariance":{"moziliar":0.0,"t-cheepeng":0.0,"kkangs0226":0.0,"ptvrajsk":0.0,"halfwhole":0.0,"dcshzj":0.0,"gerhean":0.0,"rolandyuwy":0.0,"HCY123902":0.0,"jianhandev":0.0,"Derek-Hardy":0.0,"daongochieu2810":0.0,"dingyuchen":0.0,"raysonkoh":0.0,"teikjun":0.0,"wxwxwxwx9":0.0,"seanlowjk":0.0,"jonahtanjz":0.0,"AdithyaNarayan":0.0,"ryoarmanda":0.0},"authorDisplayNameMap":{"moziliar":"MO Z..GRAN","t-cheepeng":"TAN ..PENG","kkangs0226":"KANG.. MIN","ptvrajsk":"PRIT..UMAR","halfwhole":"LIM .. WEI","dcshzj":"HSU .. JUN","gerhean":"CHAN..HEAN","rolandyuwy":"ROLA..YANG","HCY123902":"HUAN..NGYU","jianhandev":"LI J..NHAN","Derek-Hardy":"ZHUA..NJIE","daongochieu2810":"DAO ..HIEU","dingyuchen":"DING..CHEN","raysonkoh":"KOH ..YSON","teikjun":"TAN .. JUN","wxwxwxwx9":"ONG ..IANG","seanlowjk":"LOW ..SEAN","jonahtanjz":"JONA..N ZI","AdithyaNarayan":"ADIT..ASAN","ryoarmanda":"RYO ..ANDA"}}
