{
  "repoSenseVersion": "0b7e276b40",
  "reportGeneratedTime": "Tue Mar 9 08:15:56 2021 UTC+08:00",
  "reportGenerationTime": " 1 minute(s) 51.52 second(s)",
  "zoneId": "UTC+08:00",
  "reportTitle": "RepoSense Report",
  "repos": [
    {
      "location": {
        "location": "https://github.com/markbind/markbind.git",
        "repoName": "markbind",
        "organization": "markbind"
      },
      "branch": "master",
      "displayName": "markbind/markbind[master]",
      "outputFolderName": "markbind_markbind_master"
    },
    {
      "location": {
        "location": "https://github.com/markbind/vue-strap.git",
        "repoName": "vue-strap",
        "organization": "markbind"
      },
      "branch": "master",
      "displayName": "markbind/vue-strap[master]",
      "outputFolderName": "markbind_vue-strap_master"
    },
    {
      "location": {
        "location": "https://github.com/reposense/reposense.git",
        "repoName": "reposense",
        "organization": "reposense"
      },
      "branch": "master",
      "displayName": "reposense/reposense[master]",
      "outputFolderName": "reposense_reposense_master"
    },
    {
      "location": {
        "location": "https://github.com/se-edu/addressbook-level3.git",
        "repoName": "addressbook-level3",
        "organization": "se-edu"
      },
      "branch": "master",
      "displayName": "se-edu/addressbook-level3[master]",
      "outputFolderName": "se-edu_addressbook-level3_master"
    },
    {
      "location": {
        "location": "https://github.com/TEAMMATES/teammates.git",
        "repoName": "teammates",
        "organization": "TEAMMATES"
      },
      "branch": "master",
      "displayName": "TEAMMATES/teammates[master]",
      "outputFolderName": "TEAMMATES_teammates_master"
    },
    {
      "location": {
        "location": "https://github.com/TEAMMATES/teammates.git",
        "repoName": "teammates",
        "organization": "TEAMMATES"
      },
      "branch": "audit-logs",
      "displayName": "TEAMMATES/teammates[audit-logs]",
      "outputFolderName": "TEAMMATES_teammates_audit-logs"
    },
    {
      "location": {
        "location": "https://github.com/TEAMMATES/teammates.git",
        "repoName": "teammates",
        "organization": "TEAMMATES"
      },
      "branch": "objectify-v6-migration",
      "displayName": "TEAMMATES/teammates[objectify-v6-migration]",
      "outputFolderName": "TEAMMATES_teammates_objectify-v6-migration"
    },
    {
      "location": {
        "location": "https://github.com/CATcher-org/CATcher.git",
        "repoName": "CATcher",
        "organization": "CATcher-org"
      },
      "branch": "master",
      "displayName": "CATcher-org/CATcher[master]",
      "outputFolderName": "CATcher-org_CATcher_master"
    }
  ],
  "errorList": [],
  "sinceDate": "2020-12-01",
  "untilDate": "2021-03-09",
  "isSinceDateProvided": true,
  "isUntilDateProvided": false
}
