{"authorDailyContributionsMap":{"moziliar":[],"t-cheepeng":[],"kkangs0226":[{"date":"2020-12-29","commitResults":[{"hash":"e9abd7c0d20e2edbe7c4ee80bcf1d11955894970","messageTitle":"app.component.spec.ts: Remove unused class TranslateServiceStub  (#519)","messageBody":"","fileTypesAndContributionMap":{"ts":{"insertions":0,"deletions":5}}}]},{"date":"2021-01-20","commitResults":[{"hash":"7026e72c64fa9a2ca595f1c4b9fbf998da4047dc","messageTitle":"Electron entry script: Move menu definition into a separate module (#537)","messageBody":"The CATcher electron app\u0027s menu bar is defined directly\r\nwithin the electron entry script (main.ts).\r\n\r\nLet\u0027s move the menu bar definition into a\r\nseparate module, to help break the entry script\r\ninto modular pieces.","fileTypesAndContributionMap":{"ts":{"insertions":53,"deletions":55}}}]},{"date":"2021-01-23","commitResults":[{"hash":"79fa7f79eab53a941ab7fa05dc16850bcde310af","messageTitle":"Electron entry script: Move supporting logic into utility functions (#548)","messageBody":"","fileTypesAndContributionMap":{"ts":{"insertions":41,"deletions":21}}}]},{"date":"2021-02-05","commitResults":[{"hash":"18dab45f519055402dd857b474e84eefc1264fa4","messageTitle":"AuthService: Abstract out logic for setting title (#564)","messageBody":"Let\u0027s abstract out the logic for setting title into separate methods,\r\nto improve readability.","fileTypesAndContributionMap":{"ts":{"insertions":14,"deletions":12}}},{"hash":"55e13076c2fcbefd18fb171d46ccff5addd30345","messageTitle":"IssueTablesComponent: Add tests for \u0027fitTitleText\u0027 function (#561)","messageBody":"","fileTypesAndContributionMap":{"ts":{"insertions":33,"deletions":0}}}]},{"date":"2021-02-07","commitResults":[{"hash":"143040cd2de677491fa8a73ed7b923923b5f3502","messageTitle":"IssuesPendingComponent: Decompose logic for filter (#563)","messageBody":"The logical expression for initialising the filter in\r\nIssuesPendingComponent is too long and has no tests.\r\n\r\nLet\u0027s\r\n* decompose the logical expression to improve readability\r\n* add tests for the filter","fileTypesAndContributionMap":{"ts":{"insertions":65,"deletions":5}}}]},{"date":"2021-02-10","commitResults":[{"hash":"99f9491ec84eae2aa041e4a2b9fd32603eb043fa","messageTitle":"Header: Rename \u0027View In Browser\u0027 to \u0027View on GitHub\u0027  (#582)","messageBody":"The application allows users to open the current\r\npage on GitHub, through a button titled \"View in Browser\".\r\nSince the application itself now runs on browsers,\r\nthis language might be confusing.\r\n\r\nLet\u0027s\r\n* Rename the button to \u0027View on GitHub\u0027\r\n* Update the tooltip to \u0027View current page on GitHub\u0027","fileTypesAndContributionMap":{"html":{"insertions":2,"deletions":2}}}]},{"date":"2021-02-24","commitResults":[{"hash":"54af5239ad132e4ba105658f47cde69f656614a8","messageTitle":"Tests: Move duplicated dummyTeam into constants file (#609)","messageBody":"","fileTypesAndContributionMap":{"ts":{"insertions":7,"deletions":16}}}]},{"date":"2021-02-26","commitResults":[{"hash":"09059d07bf16394cf183ddc663afa6a7b745e572","messageTitle":"IssuesDataTable: Move issue search into separate module, add tests (#593)","messageBody":"Logic for applying search filter to the table of issues is defined \r\nin a private method within IssuesDataTable.\r\n\r\nMoving this logic to another module will improve separation of \r\nconcerns. Adding tests for this logic would help with future\r\nregression testing. \r\n\r\nLet\u0027s\r\n* Move logic for search filter to another module\r\n* Add tests for the module","fileTypesAndContributionMap":{"ts":{"insertions":250,"deletions":57}}}]},{"date":"2021-02-28","commitResults":[{"hash":"a3959c5856219f6d3b704be63e2e18fe8105c846","messageTitle":"IssuePendingComponent: Decompose logical expressions into methods (#592)","messageBody":"The logical expression for initialising the filter in\r\nIssuePendingComponent is too long and has no tests.\r\n\r\nLet\u0027s\r\n* decompose the logical expression to improve readability\r\n* add tests for the filter","fileTypesAndContributionMap":{"ts":{"insertions":57,"deletions":3}}}]},{"date":"2021-03-07","commitResults":[{"hash":"fb446b92224d41ed0bf0a038b418723b7308e935","messageTitle":"OAuth: Add state parameter to authentication process (#625)","messageBody":"CATcher authentication process does not include a verification\r\nstep using an unique state parameter.\r\n\r\nAdding this state parameter will improve security, as it will\r\nhelp to protect users against cross-site request forgery attacks.\r\n\r\nLet\u0027s add this state verification step to the authentication process.","fileTypesAndContributionMap":{"ts":{"insertions":43,"deletions":7}}}]},{"date":"2021-03-14","commitResults":[{"hash":"b42923af42708edd1667123d857b4377467916cd","messageTitle":"Add more logging to authentication process (#640)","messageBody":"Let\u0027s add more logging to the authentication process to identify\r\nauthentication related issues faster.","fileTypesAndContributionMap":{"ts":{"insertions":22,"deletions":3}}},{"hash":"6e01808fcd38e0a9fd0fb0dfaef1ec00bb850273","messageTitle":"AuthService: Throw error if pop-up windows are blocked (#647)","messageBody":"The authentication window is blocked by default in Safari, causing\r\nusers to be stuck on loading screen without any notification.\r\n\r\nShowing error message to notify users to enable pop-ups and\r\nthen directing them back to the start of authentication will\r\nmake our application more user-friendly.\r\n\r\nLet\u0027s\r\n* Show error message when pop-ups are blocked\r\n* Restart authentication process in this case","fileTypesAndContributionMap":{"ts":{"insertions":13,"deletions":1}}}]}],"ptvrajsk":[{"date":"2021-01-25","commitResults":[{"hash":"6893d50935bc8923a6221c4b96d195fc3515876c","messageTitle":"Browser Mode: Setup E2E testing for Bug-Reporting Phase (#539)","messageBody":"* Create separate config for Chrome, Firefox\r\n\r\n* Add two test cases for login page\r\n\r\n* Rename files\r\n\r\n* Update gitignore, to ignore test credentials\r\n\r\n* Convert functions to async functions\r\n\r\n* Handle OAuth redirect by asking browser to wait for GitHub login page\r\n\r\n* Setup mock github service\r\n\r\n* Fix existing e2e bug\r\n\r\n* Successful use of MockGHService in Test Config\r\n\r\nIssue: Previously Authentication was not possible with MockGHService\r\n\r\nIn Commit: Fixed Authentication and,\r\n - Setup NPM commands to run the different config environments\r\n - Successful replacement of GHService with MockGHService for Test\r\n   Config\r\n\r\nTodo:\r\n - Proceed with MockUp of other areas of MockGHService to use with\r\n   E2E Tests.\r\n\r\n* Quotation Mark Fix\r\n\r\n* Working Auth Bypass Proof-Of-Concept\r\n\r\n* Removed direct AuthBypass for MockAuthentication\r\n\r\nMockAuth allows for the testing of the login page which can then\r\nproceed to the testing of the other phases as opposed to bypassing\r\nit all together and directly spawning into a phase.\r\n\r\n* Login + Issue Loading to Bug Reporting Complete\r\n\r\n* Remove Credentials Dependence\r\n\r\n* Restructuring e2e Internals in accord. with Protractor Style Guide\r\n\r\n* Scaffolding for Tests\r\n\r\n- Structured e2e dir in accordance to Protractor Style Guide.\r\n- Set up npm commands for manual suite testing using Protractor\r\n- Modified  npm commands for shortened syntax to launch Ang. Confi\r\n- Modified base config for protractor for suite-based testing\r\n- Basic Testing for BugReportingPhase (checking if page reached\r\n  successfully.\r\n\r\n* ng e2e supports suite overriding, removing protractor cmd\r\n\r\n* PhaseServices Cleanup\r\n\r\n* Code Cleanup in Stubs\r\n\r\n* Removal of test.credentials\r\n\r\n* Add -o to auto-open browser\r\n\r\n* Remove Mocking for AppService\r\n\r\n* Remove PhaseServiceMock\r\n\r\n* Environment Generation\r\n\r\n* Redundant Code Removal from MockGHService\r\n\r\n* Removing testing commands from package.json\r\n\r\n* Syntatic Cleanup\r\n\r\n* Removing Prints\r\n\r\n* GHService Syntatic Fixes\r\n\r\n* Neater Import Structuring\r\n\r\n* Remove spaces in Auth Service\r\n\r\nCo-authored-by: anubh-v \u003canubhav@u.nus.edu\u003e","fileTypesAndContributionMap":{"js":{"insertions":50,"deletions":30},"html":{"insertions":3,"deletions":3},"ts":{"insertions":1019,"deletions":103}}}]},{"date":"2021-02-03","commitResults":[{"hash":"0a37660eadcc77a07296a8e19c8ca88e9c83ea19","messageTitle":"PhaseService: retry session setup operation on first failed attempt (#556)","messageBody":"If SessionSetup fails on the first attempt, due to stale data /\r\nhigh traffic / etc.., re-attempt to confirm if setup was successful.","fileTypesAndContributionMap":{"ts":{"insertions":18,"deletions":3}}}]},{"date":"2021-02-13","commitResults":[{"hash":"b6c902761b03078663783abecb495e468d79c492","messageTitle":"E2E tests: Fix Phase import (#591)","messageBody":"Phase Enum was previously shifted to its own model file\r\nbut some imports were not updated in the E2E tests.\r\nLet\u0027s fix the imports in the E2E tests.","fileTypesAndContributionMap":{"ts":{"insertions":2,"deletions":1}}}]},{"date":"2021-02-15","commitResults":[{"hash":"d06b6eeb81b92c8374a79a99844d6b7ee51ade16","messageTitle":"Remove automatic profile detection (#583)","messageBody":"When running via Electron, the app auto detects profile.json based\r\non the executable\u0027s directory.\r\n\r\nLet\u0027s remove this feature as it will not be supported on the\r\nmain web platform.","fileTypesAndContributionMap":{"html":{"insertions":1,"deletions":2},"ts":{"insertions":5,"deletions":99}}},{"hash":"c6db74db16aea1b2b6581968bd18c9d4df7333c8","messageTitle":"SessionData: Improve verification (#586)","messageBody":"The SessionData verification does not assert (1) if the openPhases\r\nkey is defined, (2) if open phases have\r\ntheir respective repos defined and (3) if the open phases\r\nare recognized by the application.\r\n\r\nLet\u0027s add these checks to ensure that the app fails early\r\nif the necessary information is not present.","fileTypesAndContributionMap":{"ts":{"insertions":90,"deletions":31}}}]},{"date":"2021-02-19","commitResults":[{"hash":"df9147b689fbe80e129da40d95f3f136aaae7f6e","messageTitle":"Add E2E Testing to GHActions Linux Job (#588)","messageBody":"Let\u0027s update our GH Actions Workflow to run the E2E Tests\r\non the Linux Job. E2E Tests  will be carried out on Chrome and\r\nFirefox.\r\n\r\nNOTE:\r\nThe `webdriver-manager update` command must be run before\r\nexecuting E2E Tests. Currently this ensures that drivers related\r\nto Firefox are updated to the latest version to work with our\r\ntests. In the future this allows us to test our E2E Tests with the\r\nlatest browser drivers.","fileTypesAndContributionMap":{"js":{"insertions":30,"deletions":6}}}]},{"date":"2021-03-05","commitResults":[{"hash":"d90a8004b6dcc3e57afe5a8af66ead17c6b2da91","messageTitle":"IssueTablesComponent: Fix \u0027view in web-browser\u0027 functionality","messageBody":"The \u0027view in web-browser\u0027 functionality in the IssueTables component\r\ndoes not work. This is because the GithubServiceFactory does not\r\nreceive its dependencies in the expected order.\r\n\r\nLet\u0027s fix this bug by re-ordering the dependencies in the\r\nGithubService provider, such that they match the order of\r\nGithubServiceFactory\u0027s parameters.","fileTypesAndContributionMap":{"ts":{"insertions":2,"deletions":2}}}]},{"date":"2021-03-12","commitResults":[{"hash":"22a652fadf704de4a2fc4029e050d66bd4923be1","messageTitle":"Update Production Profiles (#638)","messageBody":"Added new profiles for the TIC Module as per the\r\nsemester\u0027s requirements.","fileTypesAndContributionMap":{"ts":{"insertions":12,"deletions":0}}}]},{"date":"2021-03-13","commitResults":[{"hash":"7a5a8053b0f21ad0d33a622373290fb2c240c12c","messageTitle":"Implement cached logging capability (#616)","messageBody":"Currently, users do not have a way to easily retrieve logs generated\r\nby the web application. It is also not possible to retrieve logs from\r\nprior sessions.\r\n\r\nLet\u0027s cache the app\u0027s logs, and allow the user to download them in a\r\ntext file.\r\n\r\nLog information will be cached on localStorage. It can be\r\ndownloaded via a button, on the application header.\r\nThe app will save logs for a maximum of 4 sessions.","fileTypesAndContributionMap":{"html":{"insertions":4,"deletions":0},"ts":{"insertions":171,"deletions":0}}}]},{"date":"2021-03-14","commitResults":[{"hash":"55d1e116e0c73722178426a509b2b92bfeecda21","messageTitle":"Centralize error handling (#643)","messageBody":"Only errors explicitly handled by our application\r\nare logged using the app\u0027s ErrorHandlingService\r\n(and thus the LoggingService) while other\r\nruntime errors are deferred to the ErrorHandler\r\nfrom Angular.\r\n\r\nLet\u0027s set ErrorHandlingService to be the default ErrorHandler\r\nfor the app, so that all errors go through our ErrorHandlingService.\r\nIn this way, all errors will be logged.","fileTypesAndContributionMap":{"ts":{"insertions":7,"deletions":3}}}]},{"date":"2021-03-26","commitResults":[{"hash":"1951241b87cfd53181eb828d6a077b113fa490ec","messageTitle":"Tester Response: Replace checkbox with radio buttons (#618)","messageBody":"In the tester response phase, if the tester agrees with the\r\nteam\u0027s response, she needs to save the response without modifying\r\nanything else, in order for the agreement to be recorded.\r\n\r\nLet\u0027s provide a more intuitive method of \"agreeing with the\r\nteam\u0027s response\" by using radio buttons that allow the user\r\nto explicitly choose between \u0027I Disagree\u0027 and \u0027I Agree\u0027.\r\n\r\nThese radio buttons replace the checkbox control in the\r\ntester response form.","fileTypesAndContributionMap":{"css":{"insertions":4,"deletions":0},"html":{"insertions":14,"deletions":8},"ts":{"insertions":35,"deletions":27}}}]}],"halfwhole":[],"dcshzj":[],"gerhean":[],"rolandyuwy":[],"HCY123902":[],"jianhandev":[],"Derek-Hardy":[],"daongochieu2810":[],"dingyuchen":[{"date":"2020-12-19","commitResults":[{"hash":"2e6c12ce80abae72c729e9484396c40bb46f2e0a","messageTitle":"ApplicationService: Make `isOutdatedVersion` method private (#512)","messageBody":"Let\u0027s restrict this method\u0027s access as it is not used outside the ApplicationService.","fileTypesAndContributionMap":{"ts":{"insertions":50,"deletions":14}}}]},{"date":"2021-01-16","commitResults":[{"hash":"7284251159563e9da1ea68174bf7db8a0740c21f","messageTitle":"Session ID: Abstract out logic for generating session ID (#536)","messageBody":"Wrap code to generate session ID into its own function such\r\nthat AuthService does not call uuid() directly.","fileTypesAndContributionMap":{"ts":{"insertions":7,"deletions":2}}}]},{"date":"2021-02-04","commitResults":[{"hash":"85ad68922863320eef386edb03ccf9ccb2627a33","messageTitle":"SessionData: add tests for session validation logic (#566)","messageBody":"","fileTypesAndContributionMap":{"ts":{"insertions":71,"deletions":3}}}]},{"date":"2021-02-08","commitResults":[{"hash":"a5f6abca662aa6ed1422dd2ec3824e3790ac06b8","messageTitle":"Phase enum: Move into separate file(#581)","messageBody":"The Phase enum is defined in the same file\r\nas PhaseService.\r\n\r\nFor better organisation, let\u0027s move the\r\nenum definition into a separate file.\r\n\r\nLet\u0027s also define the SessionData interface\r\nusing this enum, so that phase names are kept\r\nconsistent.\r\n","fileTypesAndContributionMap":{"ts":{"insertions":43,"deletions":32}}}]},{"date":"2021-02-28","commitResults":[{"hash":"faef3e45eebb4b25347d6a3970de70caa55b0a97","messageTitle":"IssueRespondedComponent: Decompose logical expressions into methods (#599)","messageBody":"Logic expression for initialising default filter for\r\nIssueRespondedComponent is too long and has no tests. \r\n\r\nLet\u0027s\r\n* decompose the logic expression to improve readability \r\n* add tests for default filter initialisation","fileTypesAndContributionMap":{"ts":{"insertions":62,"deletions":3}}}]},{"date":"2021-03-02","commitResults":[{"hash":"91a350ff518bf6da7245f6402db734fb59da9463","messageTitle":"Add next handler for Observables\u0027 tests (#608)","messageBody":"Some tests do not supply a \u0027next\u0027 callback, when\r\nsubscribing to Observables that are expected to throw\r\nerrors. This would cause the test to pass if no\r\nerror is thrown.\r\n\r\nLet\u0027s add next handlers where appropriate so that tests\r\nfail when there is undesired behaviour.","fileTypesAndContributionMap":{"ts":{"insertions":18,"deletions":8}}}]},{"date":"2021-03-03","commitResults":[{"hash":"8280947893e16d4fcf62f9615856e3a93af4e297","messageTitle":"Integrate prettier as a formatter (#580)","messageBody":"Let\u0027s adopt Prettier so we can\r\neasily enforce consistent code formatting\r\nin our project.\r\n\r\nTo ease the adoption of this tool,\r\nlet\u0027s adopt Prettier incrementally, starting with\r\na format of our e2e and unit test code.","fileTypesAndContributionMap":{"js":{"insertions":14,"deletions":11},"ts":{"insertions":821,"deletions":855}}}]},{"date":"2021-03-11","commitResults":[{"hash":"ddb57c2c0fb0fa399c367430e4f01362c8454016","messageTitle":"IssuesRespondedComponent: Decompose logical expressions into methods (#614)","messageBody":"IssuesRespondedComponent: Decompose logical expressions into methods\r\n\r\nLogic expression for initialising filter for\r\nIssuesRespondedComponent is too long and has no tests.\r\n\r\nLet\u0027s\r\n* decompose the logic expression to improve readability \r\n* add tests for filter initialisation","fileTypesAndContributionMap":{"ts":{"insertions":69,"deletions":4}}}]},{"date":"2021-03-12","commitResults":[{"hash":"1f9f945a348bc4ae4bd6e696a8cedb756e7e5d18","messageTitle":"ProfilesComponent: Add field validation for custom profiles (#623)","messageBody":"The app proceeds silently if the selected profiles.json\r\ndoes not have a profileName or encodedText field.\r\n\r\nLet\u0027s:\r\n* Validate profiles during upload and selection of profiles\r\n* Open an error dialog if the profile object is malformed","fileTypesAndContributionMap":{"html":{"insertions":1,"deletions":0},"ts":{"insertions":87,"deletions":19}}}]},{"date":"2021-03-13","commitResults":[{"hash":"d4fa9c50c5a6b1d5ebe627509408bc7cc38aa4d2","messageTitle":"Support uploading video files (#637)","messageBody":"Uploading videos is currently not supported.\r\n\r\nLet\u0027s:\r\n* Allow users to upload videos when filing issues\r\n* Limit the size of videos to 5mb","fileTypesAndContributionMap":{"ts":{"insertions":37,"deletions":6}}}]},{"date":"2021-03-14","commitResults":[{"hash":"a235efa6f87c5ae5b342adc363730b2b90b729b5","messageTitle":"Apply prettier to some missed files (#646)","messageBody":"There are some prettier style fixes that were not\r\ncommitted in recent pull requests.\r\nLet\u0027s fix those style issues.","fileTypesAndContributionMap":{"ts":{"insertions":49,"deletions":57}}}]},{"date":"2021-03-24","commitResults":[{"hash":"5d068dce911f9247adf5d62d0e383a5e77d92693","messageTitle":"Include version number in issues created (#656)","messageBody":"We don\u0027t have a way of detecting which version of CATcher\r\nwas used to create a bug report.\r\n\r\nLet\u0027s\r\n* Include the CATcher version number in issues created\r\n* Include the CATcher client being used (Desktop or Web)\r\n\r\nThis information will be stored in a HTML comment\r\nof the form: \"Version: {Web|Desktop} vX.X.X\".\r\n\r\nFor example:\r\n- \u003c!--Version: Web v3.3.7--\u003e\r\n- \u003c!--Version: Desktop v3.3.6--\u003e","fileTypesAndContributionMap":{"ts":{"insertions":26,"deletions":12}}}]}],"raysonkoh":[],"teikjun":[],"wxwxwxwx9":[],"seanlowjk":[{"date":"2020-12-09","commitResults":[{"hash":"cf3bbbbd2e3ed1b4ea536d3b3b349f4d1cb78cb1","messageTitle":"Migrate CI to Github Actions from Appveyor and Travis  (#509)","messageBody":"- Migrate CI to Github Actions\r\n- Remove dependency on csv-parse","fileTypesAndContributionMap":{"ts":{"insertions":28,"deletions":14}}}]},{"date":"2020-12-17","commitResults":[{"hash":"afe705451d900a643d4026b290aee77a63ab6828","messageTitle":"GithubLabel: Refactor methods and add tests","messageBody":"The GithubLabel class is used to store label data retrieved\r\nfrom Github. Internally, it uses regex to extract the category\r\nnames of labels. Let\u0027s add tests for this class\u0027 methods, so that\r\nfuture changes to the regex can be verified.","fileTypesAndContributionMap":{"ts":{"insertions":56,"deletions":11}}}]},{"date":"2021-01-16","commitResults":[{"hash":"628bbfc4a58e39df0cd6183b15ff87a6feaffdba","messageTitle":"Fix Methods and Tests for GithubEventService (#521)","messageBody":"Removes the methods getLastModifiedCommentTime() and getLastModifiedTime() from the GithubEventService class and thus, refactor the reloadPage() method to return an Observable\u003cboolean\u003e to help with testing\r\n\r\nCo-authored-by: Anubhav ","fileTypesAndContributionMap":{"ts":{"insertions":24,"deletions":50}}}]},{"date":"2021-01-23","commitResults":[{"hash":"7e5719cbaaa169199b3079f59a50b9efc75109a8","messageTitle":"Refactor Issue Sorting Logic into Separate Module and Add Tests (#538)","messageBody":"Decouples the logic of getSortedData() away from IssueDataTable.ts and moves it into a file, issue-sorter.ts which mainly handles the logic of issue sorting.\r\nAlso creates separate methods for the sorting of specific keys to increase readability. ","fileTypesAndContributionMap":{"ts":{"insertions":187,"deletions":38}}}]},{"date":"2021-01-28","commitResults":[{"hash":"a69de23f55a9a1ccbbe13531e34e6495671785e0","messageTitle":"Add Staging Site Deployment from CATcher repository (#546)","messageBody":"It will be useful to deploy a testable version of\r\nCATcher upon every commit to the master branch.\r\n\r\nLet\u0027s setup GitHub workflows that will\r\ndeploy CATcher onto the GitHub Pages of the\r\nCATcher-staging repository, upon every\r\ncommit to CATcher\u0027s master branch.\r\n\r\nThis also requires creation of a new Client ID,\r\n(for the staging app\u0027s OAuth flow).","fileTypesAndContributionMap":{"ts":{"insertions":7,"deletions":0}}}]},{"date":"2021-02-04","commitResults":[{"hash":"6383363aa56318e737576cc6ff6b7b66fbfd585f","messageTitle":"Add Tests for Phase Service Logic  (#560)","messageBody":"Adds unit tests for phase.service.ts which handles the logic of the current session and phase with regards to CATcher.","fileTypesAndContributionMap":{"ts":{"insertions":80,"deletions":0}}}]},{"date":"2021-02-16","commitResults":[{"hash":"21e52684a62e17234645ae59ec1c42cf0cec0541","messageTitle":"AssigneeComponent: add tests (#555)","messageBody":"Let\u0027s add tests to verify that AssigneeComponent:\r\n- displays a placeholder message when no assignees have been chosen\r\n- emits an event containing the updated issue, when assignees\r\n  are chosen\r\n- displays chosen assignees correctly\r\n\r\nTo achieve this, let\u0027s use Angular\u0027s DOM testing utilities\r\nso that we can interact with AssigneeComponent\u0027s view\r\nlike a real user.","fileTypesAndContributionMap":{"ts":{"insertions":139,"deletions":0}}}]},{"date":"2021-02-24","commitResults":[{"hash":"517b0378ea423a2a0522036e67b25207a0a50a19","messageTitle":"LabelService: create custom operator for label synchronisation (#590)","messageBody":"The entire sequence of operations used to setup\r\nthe user\u0027s bug reporting repository is defined explicitly\r\nin a single pipeline in PhaseService.\r\n\r\nTo improve the readability of this session setup logic,\r\nlet\u0027s create a custom RxJS operator for the label synchronisation\r\nstep.\r\n\r\nLet\u0027s also add tests for the label synchronisation step, to check:\r\n- all required labels are created when none are present on the repo\r\n- missing required labels are created when repo has some labels\r\n- labels are not created when all required labels are present\r\n  on the repo","fileTypesAndContributionMap":{"ts":{"insertions":93,"deletions":12}}}]},{"date":"2021-03-05","commitResults":[{"hash":"413ef2446d934e86ff852ab4446c232771a73e47","messageTitle":"Tests: Move mock SessionData into constants file (#597)","messageBody":"","fileTypesAndContributionMap":{"ts":{"insertions":53,"deletions":55}}}]},{"date":"2021-03-08","commitResults":[{"hash":"686dd6594bb0addda33c7e242e334cec20209186","messageTitle":"RepoCreatorService: Create custom operator for verifying repo creation (#612)","messageBody":"RepoCreatorService: Create custom operator for verifying repo creation\r\n\r\nTo improve readability of the session setup code,\r\nlet\u0027s shift the repo creation verification code into a custom operator\r\nin a new service (RepoCreatorService).\r\n\r\nLet\u0027s also add tests for this custom operator.","fileTypesAndContributionMap":{"ts":{"insertions":68,"deletions":13}}}]},{"date":"2021-03-24","commitResults":[{"hash":"84171c1687de7cc86993a4fd106859ef2e533968","messageTitle":"RepoCreatorService: Create custom operators for attempting repo creation (#634)","messageBody":"To improve readability of the session setup code in PhaseService,\r\nlet\u0027s shift the phase details verification and repo creation code \r\ninto two, separate custom operators in  RepoCreatorService.\r\n\r\nLet\u0027s also add tests for these custom operators.","fileTypesAndContributionMap":{"ts":{"insertions":132,"deletions":38}}}]},{"date":"2021-03-29","commitResults":[{"hash":"01ce27eb79c9ac97f1199060d2e52ca90b5d57f4","messageTitle":"Include app version number in header and logs (#659)","messageBody":"The app version number is displayed in the page title.\r\nTo aid debugging, let\u0027s give the version number more\r\nprominence by displaying it on the header\r\nand recording it in the logs too.\r\n\r\nLet\u0027s move the version number to the AppConfig,\r\nso we have a slightly neater method of accessing the\r\nversion number in various services and components.","fileTypesAndContributionMap":{"html":{"insertions":2,"deletions":1},"ts":{"insertions":17,"deletions":5}}}]}],"jonahtanjz":[],"AdithyaNarayan":[],"ryoarmanda":[]},"authorFileTypeContributionMap":{"moziliar":{"js":0,"css":0,"html":0,"ts":0},"t-cheepeng":{"js":0,"css":0,"html":0,"ts":0},"kkangs0226":{"js":0,"css":0,"html":2,"ts":544},"ptvrajsk":{"js":73,"css":4,"html":21,"ts":1253},"halfwhole":{"js":0,"css":0,"html":0,"ts":0},"dcshzj":{"js":0,"css":0,"html":0,"ts":0},"gerhean":{"js":0,"css":0,"html":0,"ts":0},"rolandyuwy":{"js":0,"css":0,"html":0,"ts":0},"HCY123902":{"js":0,"css":0,"html":0,"ts":0},"jianhandev":{"js":0,"css":0,"html":0,"ts":0},"Derek-Hardy":{"js":0,"css":0,"html":0,"ts":0},"daongochieu2810":{"js":0,"css":0,"html":0,"ts":0},"dingyuchen":{"js":8,"css":0,"html":1,"ts":583},"raysonkoh":{"js":0,"css":0,"html":0,"ts":0},"teikjun":{"js":0,"css":0,"html":0,"ts":0},"wxwxwxwx9":{"js":0,"css":0,"html":0,"ts":0},"seanlowjk":{"js":0,"css":0,"html":2,"ts":772},"jonahtanjz":{"js":0,"css":0,"html":0,"ts":0},"AdithyaNarayan":{"js":0,"css":0,"html":0,"ts":0},"ryoarmanda":{"js":0,"css":0,"html":0,"ts":0}},"authorContributionVariance":{"moziliar":0.0,"t-cheepeng":0.0,"kkangs0226":1017.8499,"ptvrajsk":12813.849,"halfwhole":0.0,"dcshzj":0.0,"gerhean":0.0,"rolandyuwy":0.0,"HCY123902":0.0,"jianhandev":0.0,"Derek-Hardy":0.0,"daongochieu2810":0.0,"dingyuchen":24346.594,"raysonkoh":0.0,"teikjun":0.0,"wxwxwxwx9":0.0,"seanlowjk":1145.3883,"jonahtanjz":0.0,"AdithyaNarayan":0.0,"ryoarmanda":0.0},"authorDisplayNameMap":{"moziliar":"MO Z..GRAN","t-cheepeng":"TAN ..PENG","kkangs0226":"KANG.. MIN","ptvrajsk":"PRIT..UMAR","halfwhole":"LIM .. WEI","dcshzj":"HSU .. JUN","gerhean":"CHAN..HEAN","rolandyuwy":"ROLA..YANG","HCY123902":"HUAN..NGYU","jianhandev":"LI J..NHAN","Derek-Hardy":"ZHUA..NJIE","daongochieu2810":"DAO ..HIEU","dingyuchen":"DING..CHEN","raysonkoh":"KOH ..YSON","teikjun":"TAN .. JUN","wxwxwxwx9":"ONG ..IANG","seanlowjk":"LOW ..SEAN","jonahtanjz":"JONA..N ZI","AdithyaNarayan":"ADIT..ASAN","ryoarmanda":"RYO ..ANDA"}}
