{"authorDailyContributionsMap":{"moziliar":[],"t-cheepeng":[],"kkangs0226":[{"date":"2020-12-29","commitResults":[{"hash":"e9abd7c0d20e2edbe7c4ee80bcf1d11955894970","messageTitle":"app.component.spec.ts: Remove unused class TranslateServiceStub  (#519)","messageBody":"","fileTypesAndContributionMap":{"ts":{"insertions":0,"deletions":5}}}]},{"date":"2021-01-20","commitResults":[{"hash":"7026e72c64fa9a2ca595f1c4b9fbf998da4047dc","messageTitle":"Electron entry script: Move menu definition into a separate module (#537)","messageBody":"The CATcher electron app\u0027s menu bar is defined directly\r\nwithin the electron entry script (main.ts).\r\n\r\nLet\u0027s move the menu bar definition into a\r\nseparate module, to help break the entry script\r\ninto modular pieces.","fileTypesAndContributionMap":{"ts":{"insertions":53,"deletions":55}}}]},{"date":"2021-01-23","commitResults":[{"hash":"79fa7f79eab53a941ab7fa05dc16850bcde310af","messageTitle":"Electron entry script: Move supporting logic into utility functions (#548)","messageBody":"","fileTypesAndContributionMap":{"ts":{"insertions":41,"deletions":21}}}]},{"date":"2021-02-05","commitResults":[{"hash":"18dab45f519055402dd857b474e84eefc1264fa4","messageTitle":"AuthService: Abstract out logic for setting title (#564)","messageBody":"Let\u0027s abstract out the logic for setting title into separate methods,\r\nto improve readability.","fileTypesAndContributionMap":{"ts":{"insertions":14,"deletions":12}}},{"hash":"55e13076c2fcbefd18fb171d46ccff5addd30345","messageTitle":"IssueTablesComponent: Add tests for \u0027fitTitleText\u0027 function (#561)","messageBody":"","fileTypesAndContributionMap":{"ts":{"insertions":33,"deletions":0}}}]},{"date":"2021-02-07","commitResults":[{"hash":"143040cd2de677491fa8a73ed7b923923b5f3502","messageTitle":"IssuesPendingComponent: Decompose logic for filter (#563)","messageBody":"The logical expression for initialising the filter in\r\nIssuesPendingComponent is too long and has no tests.\r\n\r\nLet\u0027s\r\n* decompose the logical expression to improve readability\r\n* add tests for the filter","fileTypesAndContributionMap":{"ts":{"insertions":65,"deletions":5}}}]},{"date":"2021-02-10","commitResults":[{"hash":"99f9491ec84eae2aa041e4a2b9fd32603eb043fa","messageTitle":"Header: Rename \u0027View In Browser\u0027 to \u0027View on GitHub\u0027  (#582)","messageBody":"The application allows users to open the current\r\npage on GitHub, through a button titled \"View in Browser\".\r\nSince the application itself now runs on browsers,\r\nthis language might be confusing.\r\n\r\nLet\u0027s\r\n* Rename the button to \u0027View on GitHub\u0027\r\n* Update the tooltip to \u0027View current page on GitHub\u0027","fileTypesAndContributionMap":{"html":{"insertions":2,"deletions":2}}}]},{"date":"2021-02-24","commitResults":[{"hash":"54af5239ad132e4ba105658f47cde69f656614a8","messageTitle":"Tests: Move duplicated dummyTeam into constants file (#609)","messageBody":"","fileTypesAndContributionMap":{"ts":{"insertions":7,"deletions":16}}}]},{"date":"2021-02-26","commitResults":[{"hash":"09059d07bf16394cf183ddc663afa6a7b745e572","messageTitle":"IssuesDataTable: Move issue search into separate module, add tests (#593)","messageBody":"Logic for applying search filter to the table of issues is defined \r\nin a private method within IssuesDataTable.\r\n\r\nMoving this logic to another module will improve separation of \r\nconcerns. Adding tests for this logic would help with future\r\nregression testing. \r\n\r\nLet\u0027s\r\n* Move logic for search filter to another module\r\n* Add tests for the module","fileTypesAndContributionMap":{"ts":{"insertions":250,"deletions":57}}}]},{"date":"2021-02-28","commitResults":[{"hash":"a3959c5856219f6d3b704be63e2e18fe8105c846","messageTitle":"IssuePendingComponent: Decompose logical expressions into methods (#592)","messageBody":"The logical expression for initialising the filter in\r\nIssuePendingComponent is too long and has no tests.\r\n\r\nLet\u0027s\r\n* decompose the logical expression to improve readability\r\n* add tests for the filter","fileTypesAndContributionMap":{"ts":{"insertions":57,"deletions":3}}}]}],"ptvrajsk":[{"date":"2021-01-25","commitResults":[{"hash":"6893d50935bc8923a6221c4b96d195fc3515876c","messageTitle":"Browser Mode: Setup E2E testing for Bug-Reporting Phase (#539)","messageBody":"* Create separate config for Chrome, Firefox\r\n\r\n* Add two test cases for login page\r\n\r\n* Rename files\r\n\r\n* Update gitignore, to ignore test credentials\r\n\r\n* Convert functions to async functions\r\n\r\n* Handle OAuth redirect by asking browser to wait for GitHub login page\r\n\r\n* Setup mock github service\r\n\r\n* Fix existing e2e bug\r\n\r\n* Successful use of MockGHService in Test Config\r\n\r\nIssue: Previously Authentication was not possible with MockGHService\r\n\r\nIn Commit: Fixed Authentication and,\r\n - Setup NPM commands to run the different config environments\r\n - Successful replacement of GHService with MockGHService for Test\r\n   Config\r\n\r\nTodo:\r\n - Proceed with MockUp of other areas of MockGHService to use with\r\n   E2E Tests.\r\n\r\n* Quotation Mark Fix\r\n\r\n* Working Auth Bypass Proof-Of-Concept\r\n\r\n* Removed direct AuthBypass for MockAuthentication\r\n\r\nMockAuth allows for the testing of the login page which can then\r\nproceed to the testing of the other phases as opposed to bypassing\r\nit all together and directly spawning into a phase.\r\n\r\n* Login + Issue Loading to Bug Reporting Complete\r\n\r\n* Remove Credentials Dependence\r\n\r\n* Restructuring e2e Internals in accord. with Protractor Style Guide\r\n\r\n* Scaffolding for Tests\r\n\r\n- Structured e2e dir in accordance to Protractor Style Guide.\r\n- Set up npm commands for manual suite testing using Protractor\r\n- Modified  npm commands for shortened syntax to launch Ang. Confi\r\n- Modified base config for protractor for suite-based testing\r\n- Basic Testing for BugReportingPhase (checking if page reached\r\n  successfully.\r\n\r\n* ng e2e supports suite overriding, removing protractor cmd\r\n\r\n* PhaseServices Cleanup\r\n\r\n* Code Cleanup in Stubs\r\n\r\n* Removal of test.credentials\r\n\r\n* Add -o to auto-open browser\r\n\r\n* Remove Mocking for AppService\r\n\r\n* Remove PhaseServiceMock\r\n\r\n* Environment Generation\r\n\r\n* Redundant Code Removal from MockGHService\r\n\r\n* Removing testing commands from package.json\r\n\r\n* Syntatic Cleanup\r\n\r\n* Removing Prints\r\n\r\n* GHService Syntatic Fixes\r\n\r\n* Neater Import Structuring\r\n\r\n* Remove spaces in Auth Service\r\n\r\nCo-authored-by: anubh-v \u003canubhav@u.nus.edu\u003e","fileTypesAndContributionMap":{"js":{"insertions":50,"deletions":30},"html":{"insertions":3,"deletions":3},"ts":{"insertions":1019,"deletions":103}}}]},{"date":"2021-02-03","commitResults":[{"hash":"0a37660eadcc77a07296a8e19c8ca88e9c83ea19","messageTitle":"PhaseService: retry session setup operation on first failed attempt (#556)","messageBody":"If SessionSetup fails on the first attempt, due to stale data /\r\nhigh traffic / etc.., re-attempt to confirm if setup was successful.","fileTypesAndContributionMap":{"ts":{"insertions":18,"deletions":3}}}]},{"date":"2021-02-13","commitResults":[{"hash":"b6c902761b03078663783abecb495e468d79c492","messageTitle":"E2E tests: Fix Phase import (#591)","messageBody":"Phase Enum was previously shifted to its own model file\r\nbut some imports were not updated in the E2E tests.\r\nLet\u0027s fix the imports in the E2E tests.","fileTypesAndContributionMap":{"ts":{"insertions":2,"deletions":1}}}]},{"date":"2021-02-15","commitResults":[{"hash":"d06b6eeb81b92c8374a79a99844d6b7ee51ade16","messageTitle":"Remove automatic profile detection (#583)","messageBody":"When running via Electron, the app auto detects profile.json based\r\non the executable\u0027s directory.\r\n\r\nLet\u0027s remove this feature as it will not be supported on the\r\nmain web platform.","fileTypesAndContributionMap":{"html":{"insertions":1,"deletions":2},"ts":{"insertions":5,"deletions":99}}},{"hash":"c6db74db16aea1b2b6581968bd18c9d4df7333c8","messageTitle":"SessionData: Improve verification (#586)","messageBody":"The SessionData verification does not assert (1) if the openPhases\r\nkey is defined, (2) if open phases have\r\ntheir respective repos defined and (3) if the open phases\r\nare recognized by the application.\r\n\r\nLet\u0027s add these checks to ensure that the app fails early\r\nif the necessary information is not present.","fileTypesAndContributionMap":{"ts":{"insertions":90,"deletions":31}}}]},{"date":"2021-02-19","commitResults":[{"hash":"df9147b689fbe80e129da40d95f3f136aaae7f6e","messageTitle":"Add E2E Testing to GHActions Linux Job (#588)","messageBody":"Let\u0027s update our GH Actions Workflow to run the E2E Tests\r\non the Linux Job. E2E Tests  will be carried out on Chrome and\r\nFirefox.\r\n\r\nNOTE:\r\nThe `webdriver-manager update` command must be run before\r\nexecuting E2E Tests. Currently this ensures that drivers related\r\nto Firefox are updated to the latest version to work with our\r\ntests. In the future this allows us to test our E2E Tests with the\r\nlatest browser drivers.","fileTypesAndContributionMap":{"js":{"insertions":30,"deletions":6}}}]}],"halfwhole":[],"dcshzj":[],"gerhean":[],"rolandyuwy":[],"HCY123902":[],"jianhandev":[],"Derek-Hardy":[],"daongochieu2810":[],"dingyuchen":[{"date":"2020-12-19","commitResults":[{"hash":"2e6c12ce80abae72c729e9484396c40bb46f2e0a","messageTitle":"ApplicationService: Make `isOutdatedVersion` method private (#512)","messageBody":"Let\u0027s restrict this method\u0027s access as it is not used outside the ApplicationService.","fileTypesAndContributionMap":{"ts":{"insertions":50,"deletions":14}}}]},{"date":"2021-01-16","commitResults":[{"hash":"7284251159563e9da1ea68174bf7db8a0740c21f","messageTitle":"Session ID: Abstract out logic for generating session ID (#536)","messageBody":"Wrap code to generate session ID into its own function such\r\nthat AuthService does not call uuid() directly.","fileTypesAndContributionMap":{"ts":{"insertions":7,"deletions":2}}}]},{"date":"2021-02-04","commitResults":[{"hash":"85ad68922863320eef386edb03ccf9ccb2627a33","messageTitle":"SessionData: add tests for session validation logic (#566)","messageBody":"","fileTypesAndContributionMap":{"ts":{"insertions":71,"deletions":3}}}]},{"date":"2021-02-08","commitResults":[{"hash":"a5f6abca662aa6ed1422dd2ec3824e3790ac06b8","messageTitle":"Phase enum: Move into separate file(#581)","messageBody":"The Phase enum is defined in the same file\r\nas PhaseService.\r\n\r\nFor better organisation, let\u0027s move the\r\nenum definition into a separate file.\r\n\r\nLet\u0027s also define the SessionData interface\r\nusing this enum, so that phase names are kept\r\nconsistent.\r\n","fileTypesAndContributionMap":{"ts":{"insertions":43,"deletions":32}}}]},{"date":"2021-02-28","commitResults":[{"hash":"faef3e45eebb4b25347d6a3970de70caa55b0a97","messageTitle":"IssueRespondedComponent: Decompose logical expressions into methods (#599)","messageBody":"Logic expression for initialising default filter for\r\nIssueRespondedComponent is too long and has no tests. \r\n\r\nLet\u0027s\r\n* decompose the logic expression to improve readability \r\n* add tests for default filter initialisation","fileTypesAndContributionMap":{"ts":{"insertions":62,"deletions":3}}}]},{"date":"2021-03-02","commitResults":[{"hash":"91a350ff518bf6da7245f6402db734fb59da9463","messageTitle":"Add next handler for Observables\u0027 tests (#608)","messageBody":"Some tests do not supply a \u0027next\u0027 callback, when\r\nsubscribing to Observables that are expected to throw\r\nerrors. This would cause the test to pass if no\r\nerror is thrown.\r\n\r\nLet\u0027s add next handlers where appropriate so that tests\r\nfail when there is undesired behaviour.","fileTypesAndContributionMap":{"ts":{"insertions":18,"deletions":8}}}]},{"date":"2021-03-03","commitResults":[{"hash":"8280947893e16d4fcf62f9615856e3a93af4e297","messageTitle":"Integrate prettier as a formatter (#580)","messageBody":"Let\u0027s adopt Prettier so we can\r\neasily enforce consistent code formatting\r\nin our project.\r\n\r\nTo ease the adoption of this tool,\r\nlet\u0027s adopt Prettier incrementally, starting with\r\na format of our e2e and unit test code.","fileTypesAndContributionMap":{"js":{"insertions":14,"deletions":11},"ts":{"insertions":821,"deletions":855}}}]}],"raysonkoh":[],"teikjun":[],"wxwxwxwx9":[],"seanlowjk":[{"date":"2020-12-09","commitResults":[{"hash":"cf3bbbbd2e3ed1b4ea536d3b3b349f4d1cb78cb1","messageTitle":"Migrate CI to Github Actions from Appveyor and Travis  (#509)","messageBody":"- Migrate CI to Github Actions\r\n- Remove dependency on csv-parse","fileTypesAndContributionMap":{"ts":{"insertions":28,"deletions":14}}}]},{"date":"2020-12-17","commitResults":[{"hash":"afe705451d900a643d4026b290aee77a63ab6828","messageTitle":"GithubLabel: Refactor methods and add tests","messageBody":"The GithubLabel class is used to store label data retrieved\r\nfrom Github. Internally, it uses regex to extract the category\r\nnames of labels. Let\u0027s add tests for this class\u0027 methods, so that\r\nfuture changes to the regex can be verified.","fileTypesAndContributionMap":{"ts":{"insertions":56,"deletions":11}}}]},{"date":"2021-01-16","commitResults":[{"hash":"628bbfc4a58e39df0cd6183b15ff87a6feaffdba","messageTitle":"Fix Methods and Tests for GithubEventService (#521)","messageBody":"Removes the methods getLastModifiedCommentTime() and getLastModifiedTime() from the GithubEventService class and thus, refactor the reloadPage() method to return an Observable\u003cboolean\u003e to help with testing\r\n\r\nCo-authored-by: Anubhav ","fileTypesAndContributionMap":{"ts":{"insertions":24,"deletions":50}}}]},{"date":"2021-01-23","commitResults":[{"hash":"7e5719cbaaa169199b3079f59a50b9efc75109a8","messageTitle":"Refactor Issue Sorting Logic into Separate Module and Add Tests (#538)","messageBody":"Decouples the logic of getSortedData() away from IssueDataTable.ts and moves it into a file, issue-sorter.ts which mainly handles the logic of issue sorting.\r\nAlso creates separate methods for the sorting of specific keys to increase readability. ","fileTypesAndContributionMap":{"ts":{"insertions":187,"deletions":38}}}]},{"date":"2021-01-28","commitResults":[{"hash":"a69de23f55a9a1ccbbe13531e34e6495671785e0","messageTitle":"Add Staging Site Deployment from CATcher repository (#546)","messageBody":"It will be useful to deploy a testable version of\r\nCATcher upon every commit to the master branch.\r\n\r\nLet\u0027s setup GitHub workflows that will\r\ndeploy CATcher onto the GitHub Pages of the\r\nCATcher-staging repository, upon every\r\ncommit to CATcher\u0027s master branch.\r\n\r\nThis also requires creation of a new Client ID,\r\n(for the staging app\u0027s OAuth flow).","fileTypesAndContributionMap":{"ts":{"insertions":7,"deletions":0}}}]},{"date":"2021-02-04","commitResults":[{"hash":"6383363aa56318e737576cc6ff6b7b66fbfd585f","messageTitle":"Add Tests for Phase Service Logic  (#560)","messageBody":"Adds unit tests for phase.service.ts which handles the logic of the current session and phase with regards to CATcher.","fileTypesAndContributionMap":{"ts":{"insertions":80,"deletions":0}}}]},{"date":"2021-02-16","commitResults":[{"hash":"21e52684a62e17234645ae59ec1c42cf0cec0541","messageTitle":"AssigneeComponent: add tests (#555)","messageBody":"Let\u0027s add tests to verify that AssigneeComponent:\r\n- displays a placeholder message when no assignees have been chosen\r\n- emits an event containing the updated issue, when assignees\r\n  are chosen\r\n- displays chosen assignees correctly\r\n\r\nTo achieve this, let\u0027s use Angular\u0027s DOM testing utilities\r\nso that we can interact with AssigneeComponent\u0027s view\r\nlike a real user.","fileTypesAndContributionMap":{"ts":{"insertions":139,"deletions":0}}}]},{"date":"2021-02-24","commitResults":[{"hash":"517b0378ea423a2a0522036e67b25207a0a50a19","messageTitle":"LabelService: create custom operator for label synchronisation (#590)","messageBody":"The entire sequence of operations used to setup\r\nthe user\u0027s bug reporting repository is defined explicitly\r\nin a single pipeline in PhaseService.\r\n\r\nTo improve the readability of this session setup logic,\r\nlet\u0027s create a custom RxJS operator for the label synchronisation\r\nstep.\r\n\r\nLet\u0027s also add tests for the label synchronisation step, to check:\r\n- all required labels are created when none are present on the repo\r\n- missing required labels are created when repo has some labels\r\n- labels are not created when all required labels are present\r\n  on the repo","fileTypesAndContributionMap":{"ts":{"insertions":93,"deletions":12}}}]}],"jonahtanjz":[],"AdithyaNarayan":[],"ryoarmanda":[]},"authorFileTypeContributionMap":{"moziliar":{"js":0,"css":0,"html":0,"ts":0},"t-cheepeng":{"js":0,"css":0,"html":0,"ts":0},"kkangs0226":{"js":0,"css":0,"html":2,"ts":474},"ptvrajsk":{"js":73,"css":0,"html":4,"ts":1045},"halfwhole":{"js":0,"css":0,"html":0,"ts":0},"dcshzj":{"js":0,"css":0,"html":0,"ts":0},"gerhean":{"js":0,"css":0,"html":0,"ts":0},"rolandyuwy":{"js":0,"css":0,"html":0,"ts":0},"HCY123902":{"js":0,"css":0,"html":0,"ts":0},"jianhandev":{"js":0,"css":0,"html":0,"ts":0},"Derek-Hardy":{"js":0,"css":0,"html":0,"ts":0},"daongochieu2810":{"js":0,"css":0,"html":0,"ts":0},"dingyuchen":{"js":8,"css":0,"html":0,"ts":394},"raysonkoh":{"js":0,"css":0,"html":0,"ts":0},"teikjun":{"js":0,"css":0,"html":0,"ts":0},"wxwxwxwx9":{"js":0,"css":0,"html":0,"ts":0},"seanlowjk":{"js":0,"css":0,"html":0,"ts":539},"jonahtanjz":{"js":0,"css":0,"html":0,"ts":0},"AdithyaNarayan":{"js":0,"css":0,"html":0,"ts":0},"ryoarmanda":{"js":0,"css":0,"html":0,"ts":0}},"authorContributionVariance":{"moziliar":0.0,"t-cheepeng":0.0,"kkangs0226":1258.809,"ptvrajsk":16009.988,"halfwhole":0.0,"dcshzj":0.0,"gerhean":0.0,"rolandyuwy":0.0,"HCY123902":0.0,"jianhandev":0.0,"Derek-Hardy":0.0,"daongochieu2810":0.0,"dingyuchen":30859.842,"raysonkoh":0.0,"teikjun":0.0,"wxwxwxwx9":0.0,"seanlowjk":1002.9754,"jonahtanjz":0.0,"AdithyaNarayan":0.0,"ryoarmanda":0.0},"authorDisplayNameMap":{"moziliar":"MO Z..GRAN","t-cheepeng":"TAN ..PENG","kkangs0226":"KANG.. MIN","ptvrajsk":"PRIT..UMAR","halfwhole":"LIM .. WEI","dcshzj":"HSU .. JUN","gerhean":"CHAN..HEAN","rolandyuwy":"ROLA..YANG","HCY123902":"HUAN..NGYU","jianhandev":"LI J..NHAN","Derek-Hardy":"ZHUA..NJIE","daongochieu2810":"DAO ..HIEU","dingyuchen":"DING..CHEN","raysonkoh":"KOH ..YSON","teikjun":"TAN .. JUN","wxwxwxwx9":"ONG ..IANG","seanlowjk":"LOW ..SEAN","jonahtanjz":"JONA..N ZI","AdithyaNarayan":"ADIT..ASAN","ryoarmanda":"RYO ..ANDA"}}
