[
  {
    "path": "src/main/java/seedu/address/model/person/Person.java",
    "fileType": "java",
    "lines": [
      {
        "lineNumber": 1,
        "author": {
          "gitId": "-"
        },
        "content": "package seedu.address.model.person;"
      },
      {
        "lineNumber": 2,
        "author": {
          "gitId": "-"
        },
        "content": ""
      },
      {
        "lineNumber": 3,
        "author": {
          "gitId": "-"
        },
        "content": "import static seedu.address.commons.util.CollectionUtil.requireAllNonNull;"
      },
      {
        "lineNumber": 4,
        "author": {
          "gitId": "-"
        },
        "content": ""
      },
      {
        "lineNumber": 5,
        "author": {
          "gitId": "-"
        },
        "content": "import java.util.Collections;"
      },
      {
        "lineNumber": 6,
        "author": {
          "gitId": "-"
        },
        "content": "import java.util.HashSet;"
      },
      {
        "lineNumber": 7,
        "author": {
          "gitId": "-"
        },
        "content": "import java.util.Objects;"
      },
      {
        "lineNumber": 8,
        "author": {
          "gitId": "-"
        },
        "content": "import java.util.Set;"
      },
      {
        "lineNumber": 9,
        "author": {
          "gitId": "-"
        },
        "content": ""
      },
      {
        "lineNumber": 10,
        "author": {
          "gitId": "-"
        },
        "content": "import seedu.address.model.tag.Tag;"
      },
      {
        "lineNumber": 11,
        "author": {
          "gitId": "-"
        },
        "content": ""
      },
      {
        "lineNumber": 12,
        "author": {
          "gitId": "-"
        },
        "content": "/**"
      },
      {
        "lineNumber": 13,
        "author": {
          "gitId": "-"
        },
        "content": " * Represents a Person in the address book."
      },
      {
        "lineNumber": 14,
        "author": {
          "gitId": "-"
        },
        "content": " * Guarantees: details are present and not null, field values are validated, immutable."
      },
      {
        "lineNumber": 15,
        "author": {
          "gitId": "-"
        },
        "content": " */"
      },
      {
        "lineNumber": 16,
        "author": {
          "gitId": "-"
        },
        "content": "public class Person {"
      },
      {
        "lineNumber": 17,
        "author": {
          "gitId": "-"
        },
        "content": ""
      },
      {
        "lineNumber": 18,
        "author": {
          "gitId": "-"
        },
        "content": "    // Identity fields"
      },
      {
        "lineNumber": 19,
        "author": {
          "gitId": "-"
        },
        "content": "    private final Name name;"
      },
      {
        "lineNumber": 20,
        "author": {
          "gitId": "-"
        },
        "content": "    private final Phone phone;"
      },
      {
        "lineNumber": 21,
        "author": {
          "gitId": "-"
        },
        "content": "    private final Email email;"
      },
      {
        "lineNumber": 22,
        "author": {
          "gitId": "-"
        },
        "content": ""
      },
      {
        "lineNumber": 23,
        "author": {
          "gitId": "-"
        },
        "content": "    // Data fields"
      },
      {
        "lineNumber": 24,
        "author": {
          "gitId": "-"
        },
        "content": "    private final Address address;"
      },
      {
        "lineNumber": 25,
        "author": {
          "gitId": "-"
        },
        "content": "    private final Set\u003cTag\u003e tags \u003d new HashSet\u003c\u003e();"
      },
      {
        "lineNumber": 26,
        "author": {
          "gitId": "-"
        },
        "content": ""
      },
      {
        "lineNumber": 27,
        "author": {
          "gitId": "-"
        },
        "content": "    /**"
      },
      {
        "lineNumber": 28,
        "author": {
          "gitId": "-"
        },
        "content": "     * Every field must be present and not null."
      },
      {
        "lineNumber": 29,
        "author": {
          "gitId": "-"
        },
        "content": "     */"
      },
      {
        "lineNumber": 30,
        "author": {
          "gitId": "-"
        },
        "content": "    public Person(Name name, Phone phone, Email email, Address address, Set\u003cTag\u003e tags) {"
      },
      {
        "lineNumber": 31,
        "author": {
          "gitId": "-"
        },
        "content": "        requireAllNonNull(name, phone, email, address, tags);"
      },
      {
        "lineNumber": 32,
        "author": {
          "gitId": "-"
        },
        "content": "        this.name \u003d name;"
      },
      {
        "lineNumber": 33,
        "author": {
          "gitId": "-"
        },
        "content": "        this.phone \u003d phone;"
      },
      {
        "lineNumber": 34,
        "author": {
          "gitId": "-"
        },
        "content": "        this.email \u003d email;"
      },
      {
        "lineNumber": 35,
        "author": {
          "gitId": "-"
        },
        "content": "        this.address \u003d address;"
      },
      {
        "lineNumber": 36,
        "author": {
          "gitId": "-"
        },
        "content": "        this.tags.addAll(tags);"
      },
      {
        "lineNumber": 37,
        "author": {
          "gitId": "-"
        },
        "content": "    }"
      },
      {
        "lineNumber": 38,
        "author": {
          "gitId": "-"
        },
        "content": ""
      },
      {
        "lineNumber": 39,
        "author": {
          "gitId": "-"
        },
        "content": "    public Name getName() {"
      },
      {
        "lineNumber": 40,
        "author": {
          "gitId": "-"
        },
        "content": "        return name;"
      },
      {
        "lineNumber": 41,
        "author": {
          "gitId": "-"
        },
        "content": "    }"
      },
      {
        "lineNumber": 42,
        "author": {
          "gitId": "-"
        },
        "content": ""
      },
      {
        "lineNumber": 43,
        "author": {
          "gitId": "-"
        },
        "content": "    public Phone getPhone() {"
      },
      {
        "lineNumber": 44,
        "author": {
          "gitId": "-"
        },
        "content": "        return phone;"
      },
      {
        "lineNumber": 45,
        "author": {
          "gitId": "-"
        },
        "content": "    }"
      },
      {
        "lineNumber": 46,
        "author": {
          "gitId": "-"
        },
        "content": ""
      },
      {
        "lineNumber": 47,
        "author": {
          "gitId": "-"
        },
        "content": "    public Email getEmail() {"
      },
      {
        "lineNumber": 48,
        "author": {
          "gitId": "-"
        },
        "content": "        return email;"
      },
      {
        "lineNumber": 49,
        "author": {
          "gitId": "-"
        },
        "content": "    }"
      },
      {
        "lineNumber": 50,
        "author": {
          "gitId": "-"
        },
        "content": ""
      },
      {
        "lineNumber": 51,
        "author": {
          "gitId": "-"
        },
        "content": "    public Address getAddress() {"
      },
      {
        "lineNumber": 52,
        "author": {
          "gitId": "-"
        },
        "content": "        return address;"
      },
      {
        "lineNumber": 53,
        "author": {
          "gitId": "-"
        },
        "content": "    }"
      },
      {
        "lineNumber": 54,
        "author": {
          "gitId": "-"
        },
        "content": ""
      },
      {
        "lineNumber": 55,
        "author": {
          "gitId": "-"
        },
        "content": "    /**"
      },
      {
        "lineNumber": 56,
        "author": {
          "gitId": "-"
        },
        "content": "     * Returns an immutable tag set, which throws {@code UnsupportedOperationException}"
      },
      {
        "lineNumber": 57,
        "author": {
          "gitId": "-"
        },
        "content": "     * if modification is attempted."
      },
      {
        "lineNumber": 58,
        "author": {
          "gitId": "-"
        },
        "content": "     */"
      },
      {
        "lineNumber": 59,
        "author": {
          "gitId": "-"
        },
        "content": "    public Set\u003cTag\u003e getTags() {"
      },
      {
        "lineNumber": 60,
        "author": {
          "gitId": "-"
        },
        "content": "        return Collections.unmodifiableSet(tags);"
      },
      {
        "lineNumber": 61,
        "author": {
          "gitId": "-"
        },
        "content": "    }"
      },
      {
        "lineNumber": 62,
        "author": {
          "gitId": "-"
        },
        "content": ""
      },
      {
        "lineNumber": 63,
        "author": {
          "gitId": "-"
        },
        "content": "    /**"
      },
      {
        "lineNumber": 64,
        "author": {
          "gitId": "-"
        },
        "content": "     * Returns true if both persons have the same name."
      },
      {
        "lineNumber": 65,
        "author": {
          "gitId": "-"
        },
        "content": "     * This defines a weaker notion of equality between two persons."
      },
      {
        "lineNumber": 66,
        "author": {
          "gitId": "-"
        },
        "content": "     */"
      },
      {
        "lineNumber": 67,
        "author": {
          "gitId": "-"
        },
        "content": "    public boolean isSamePerson(Person otherPerson) {"
      },
      {
        "lineNumber": 68,
        "author": {
          "gitId": "-"
        },
        "content": "        if (otherPerson \u003d\u003d this) {"
      },
      {
        "lineNumber": 69,
        "author": {
          "gitId": "-"
        },
        "content": "            return true;"
      },
      {
        "lineNumber": 70,
        "author": {
          "gitId": "-"
        },
        "content": "        }"
      },
      {
        "lineNumber": 71,
        "author": {
          "gitId": "-"
        },
        "content": ""
      },
      {
        "lineNumber": 72,
        "author": {
          "gitId": "-"
        },
        "content": "        return otherPerson !\u003d null"
      },
      {
        "lineNumber": 73,
        "author": {
          "gitId": "-"
        },
        "content": "                \u0026\u0026 otherPerson.getName().equals(getName());"
      },
      {
        "lineNumber": 74,
        "author": {
          "gitId": "-"
        },
        "content": "    }"
      },
      {
        "lineNumber": 75,
        "author": {
          "gitId": "-"
        },
        "content": ""
      },
      {
        "lineNumber": 76,
        "author": {
          "gitId": "-"
        },
        "content": "    /**"
      },
      {
        "lineNumber": 77,
        "author": {
          "gitId": "-"
        },
        "content": "     * Returns true if both persons have the same identity and data fields."
      },
      {
        "lineNumber": 78,
        "author": {
          "gitId": "-"
        },
        "content": "     * This defines a stronger notion of equality between two persons."
      },
      {
        "lineNumber": 79,
        "author": {
          "gitId": "-"
        },
        "content": "     */"
      },
      {
        "lineNumber": 80,
        "author": {
          "gitId": "-"
        },
        "content": "    @Override"
      },
      {
        "lineNumber": 81,
        "author": {
          "gitId": "-"
        },
        "content": "    public boolean equals(Object other) {"
      },
      {
        "lineNumber": 82,
        "author": {
          "gitId": "-"
        },
        "content": "        if (other \u003d\u003d this) {"
      },
      {
        "lineNumber": 83,
        "author": {
          "gitId": "-"
        },
        "content": "            return true;"
      },
      {
        "lineNumber": 84,
        "author": {
          "gitId": "-"
        },
        "content": "        }"
      },
      {
        "lineNumber": 85,
        "author": {
          "gitId": "-"
        },
        "content": ""
      },
      {
        "lineNumber": 86,
        "author": {
          "gitId": "-"
        },
        "content": "        if (!(other instanceof Person)) {"
      },
      {
        "lineNumber": 87,
        "author": {
          "gitId": "-"
        },
        "content": "            return false;"
      },
      {
        "lineNumber": 88,
        "author": {
          "gitId": "-"
        },
        "content": "        }"
      },
      {
        "lineNumber": 89,
        "author": {
          "gitId": "-"
        },
        "content": ""
      },
      {
        "lineNumber": 90,
        "author": {
          "gitId": "-"
        },
        "content": "        Person otherPerson \u003d (Person) other;"
      },
      {
        "lineNumber": 91,
        "author": {
          "gitId": "-"
        },
        "content": "        return otherPerson.getName().equals(getName())"
      },
      {
        "lineNumber": 92,
        "author": {
          "gitId": "-"
        },
        "content": "                \u0026\u0026 otherPerson.getPhone().equals(getPhone())"
      },
      {
        "lineNumber": 93,
        "author": {
          "gitId": "-"
        },
        "content": "                \u0026\u0026 otherPerson.getEmail().equals(getEmail())"
      },
      {
        "lineNumber": 94,
        "author": {
          "gitId": "-"
        },
        "content": "                \u0026\u0026 otherPerson.getAddress().equals(getAddress())"
      },
      {
        "lineNumber": 95,
        "author": {
          "gitId": "-"
        },
        "content": "                \u0026\u0026 otherPerson.getTags().equals(getTags());"
      },
      {
        "lineNumber": 96,
        "author": {
          "gitId": "-"
        },
        "content": "    }"
      },
      {
        "lineNumber": 97,
        "author": {
          "gitId": "-"
        },
        "content": ""
      },
      {
        "lineNumber": 98,
        "author": {
          "gitId": "-"
        },
        "content": "    @Override"
      },
      {
        "lineNumber": 99,
        "author": {
          "gitId": "-"
        },
        "content": "    public int hashCode() {"
      },
      {
        "lineNumber": 100,
        "author": {
          "gitId": "-"
        },
        "content": "        // use this method for custom fields hashing instead of implementing your own"
      },
      {
        "lineNumber": 101,
        "author": {
          "gitId": "-"
        },
        "content": "        return Objects.hash(name, phone, email, address, tags);"
      },
      {
        "lineNumber": 102,
        "author": {
          "gitId": "-"
        },
        "content": "    }"
      },
      {
        "lineNumber": 103,
        "author": {
          "gitId": "-"
        },
        "content": ""
      },
      {
        "lineNumber": 104,
        "author": {
          "gitId": "-"
        },
        "content": "    @Override"
      },
      {
        "lineNumber": 105,
        "author": {
          "gitId": "-"
        },
        "content": "    public String toString() {"
      },
      {
        "lineNumber": 106,
        "author": {
          "gitId": "-"
        },
        "content": "        final StringBuilder builder \u003d new StringBuilder();"
      },
      {
        "lineNumber": 107,
        "author": {
          "gitId": "-"
        },
        "content": "        builder.append(getName())"
      },
      {
        "lineNumber": 108,
        "author": {
          "gitId": "jonahtanjz"
        },
        "content": "                .append(\"; Phone: \")"
      },
      {
        "lineNumber": 109,
        "author": {
          "gitId": "-"
        },
        "content": "                .append(getPhone())"
      },
      {
        "lineNumber": 110,
        "author": {
          "gitId": "jonahtanjz"
        },
        "content": "                .append(\"; Email: \")"
      },
      {
        "lineNumber": 111,
        "author": {
          "gitId": "-"
        },
        "content": "                .append(getEmail())"
      },
      {
        "lineNumber": 112,
        "author": {
          "gitId": "jonahtanjz"
        },
        "content": "                .append(\"; Address: \")"
      },
      {
        "lineNumber": 113,
        "author": {
          "gitId": "jonahtanjz"
        },
        "content": "                .append(getAddress());"
      },
      {
        "lineNumber": 114,
        "author": {
          "gitId": "jonahtanjz"
        },
        "content": ""
      },
      {
        "lineNumber": 115,
        "author": {
          "gitId": "jonahtanjz"
        },
        "content": "        Set\u003cTag\u003e tags \u003d getTags();"
      },
      {
        "lineNumber": 116,
        "author": {
          "gitId": "jonahtanjz"
        },
        "content": "        if (!tags.isEmpty()) {"
      },
      {
        "lineNumber": 117,
        "author": {
          "gitId": "jonahtanjz"
        },
        "content": "            builder.append(\"; Tags: \");"
      },
      {
        "lineNumber": 118,
        "author": {
          "gitId": "jonahtanjz"
        },
        "content": "            tags.forEach(builder::append);"
      },
      {
        "lineNumber": 119,
        "author": {
          "gitId": "jonahtanjz"
        },
        "content": "        }"
      },
      {
        "lineNumber": 120,
        "author": {
          "gitId": "-"
        },
        "content": "        return builder.toString();"
      },
      {
        "lineNumber": 121,
        "author": {
          "gitId": "-"
        },
        "content": "    }"
      },
      {
        "lineNumber": 122,
        "author": {
          "gitId": "-"
        },
        "content": ""
      },
      {
        "lineNumber": 123,
        "author": {
          "gitId": "-"
        },
        "content": "}"
      }
    ],
    "authorContributionMap": {
      "jonahtanjz": 10,
      "-": 113
    }
  }
]
