{
  "authorDailyContributionsMap": {
    "moziliar": [],
    "t-cheepeng": [],
    "kkangs0226": [
      {
        "date": "2020-12-15",
        "commitResults": [
          {
            "hash": "adb0f2b1c81bff2d5b87180e7ea8c66110dc19b5",
            "messageTitle": "[#1370] Documents: use light theme for code blocks (#1373)",
            "messageBody": "Code blocks inside UG and DG are in dark theme after the latest \r\nMarkBind update.\r\n\r\nLet\u0027s update `site.json` file to change them back to the light theme\r\nto improve readability.",
            "fileTypesAndContributionMap": {
              "json": {
                "insertions": 3,
                "deletions": 0
              }
            }
          }
        ]
      }
    ],
    "ptvrajsk": [],
    "halfwhole": [],
    "dcshzj": [
      {
        "date": "2021-01-11",
        "commitResults": [
          {
            "hash": "277f4ae35d953fc91de73649aa198ac8b6861df3",
            "messageTitle": "[#1358] CI/CD: migrate from TravisCI to GitHub Actions (#1400)",
            "messageBody": "TravisCI has moved towards a fixed quota to execute tests on their\r\nwebsite, which is not sustainable in the long term.\r\n\r\nLet\u0027s migrate the testing infrastructure to GitHub Actions to take\r\nadvantage of their free unlimited minutes.",
            "fileTypesAndContributionMap": {
              "gradle": {
                "insertions": 1,
                "deletions": 1
              },
              "sh": {
                "insertions": 19,
                "deletions": 10
              },
              "yml": {
                "insertions": 284,
                "deletions": 89
              }
            }
          }
        ]
      },
      {
        "date": "2021-01-22",
        "commitResults": [
          {
            "hash": "ae226467c9b942722788b0a168f5b5e4f19bb92d",
            "messageTitle": "[#1272] Github Actions: move deployment to Surge to a secure workflow (#1411)",
            "messageBody": "The continuous integration workflow on GitHub Actions includes a \r\ndeployment to surge.sh. \r\n\r\nThis is a security concern, as it exposes the secrets configured in \r\nGitHub Actions to potential bad actors when they create a pull \r\nrequest.\r\n\r\nLet\u0027s \r\n- separate the deployment to surge.sh as a different workflow\r\n  and pass the preview websites as an artifact to reduce the \r\n  exposure of repository secrets to untrusted code and improve \r\n  security.\r\n- also change the way the deployment previews are reported in\r\n  the pull request by taking advantage of the deployment status.",
            "fileTypesAndContributionMap": {
              "sh": {
                "insertions": 136,
                "deletions": 76
              },
              "yml": {
                "insertions": 124,
                "deletions": 43
              }
            }
          }
        ]
      },
      {
        "date": "2021-01-25",
        "commitResults": [
          {
            "hash": "99a4a3dfde6c4a6493e4c26244d30520dee211a9",
            "messageTitle": "[#1429] GitHub Actions: fix race condition for Surge deployment workflows (#1434)",
            "messageBody": "GitHub Actions for Surge deployment can encounter race conditions \r\nwhere multiple pull requests are deployed at once, causing confusion \r\nas to the exact artifacts to download. \r\n\r\nThis is caused by not specifying the pull request numbers when \r\ndownloading artifacts.\r\n\r\nLet\u0027s make it such that the correct artifacts are downloaded even\r\nwhen multiple deployments occur concurrently.",
            "fileTypesAndContributionMap": {
              "sh": {
                "insertions": 11,
                "deletions": 8
              },
              "yml": {
                "insertions": 15,
                "deletions": 7
              }
            }
          }
        ]
      },
      {
        "date": "2021-02-25",
        "commitResults": [
          {
            "hash": "fc288b461f87a14fc7004c0503fe4adbe12360b4",
            "messageTitle": "[#1414] Add message before closing a stale PR (#1456)",
            "messageBody": "The stale workflow is set up such that a PR that is inactive for\r\n30 days will be marked as stale with a comment. However, after the\r\n7 days have elapsed with no further activity, the workflow just\r\ncloses the PR without any comment.\r\n\r\nLet\u0027s \r\n- add a comment to the PR when closing it, so that it is clearer \r\n  to the PR author on why their PR was closed.\r\n- specify only the major version for the dependency to remain \r\n  forward-compatible.",
            "tags": [
              "merge-1414"
            ],
            "fileTypesAndContributionMap": {
              "yml": {
                "insertions": 5,
                "deletions": 2
              }
            }
          }
        ]
      }
    ],
    "gerhean": [
      {
        "date": "2020-12-16",
        "commitResults": [
          {
            "hash": "58d2ccab0a65ab8283413adc3a2984165f26fdfe",
            "messageTitle": "[#1356] URL: Use `?` instead of `#` before hash parameters (#1371)",
            "messageBody": "Parameters are stored in `window.location.hash` which automatically \r\nadds the `#` symbol to the URL.\r\n\r\nThis leads to issues with copying non-alphabetical characters in \r\nsome pdf applications.\r\n\r\nLet\u0027s replace `#` with `?` in the URL, and also make the symbol easy \r\nto customize in the future.",
            "fileTypesAndContributionMap": {
              "js": {
                "insertions": 9,
                "deletions": 2
              }
            }
          }
        ]
      },
      {
        "date": "2020-12-20",
        "commitResults": [
          {
            "hash": "0b7e276b407fb0ebacc080d5aa347b1c06462fa2",
            "messageTitle": "Remove unused classes (#1363)",
            "messageBody": "Currently there exists some pug files which contain classes \r\nnot referenced in any stylesheet or javascript code.\r\n\r\nRemoving unused classes would improve the readability of code.\r\n\r\nLet\u0027s remove unused css classes from pug files.",
            "tags": [
              "v1.12"
            ],
            "fileTypesAndContributionMap": {
              "pug": {
                "insertions": 11,
                "deletions": 11
              },
              "scss": {
                "insertions": 1,
                "deletions": 1
              }
            }
          }
        ]
      },
      {
        "date": "2021-01-02",
        "commitResults": [
          {
            "hash": "598e2bfea70d888a5c459febe831e7ab182b186e",
            "messageTitle": "[#746, #1351] Dashboard: show a spinner when the view is changing (#1372)",
            "messageBody": "For reports with a large amount of data, the view can take some time to \r\nchange.\r\n\r\nLooking at a frozen browser tab causes anxiety and might lead one to \r\nbelieve that the tab has stopped working, while in reality, it is simply \r\ndoing background processing.\r\n\r\nLet\u0027s \r\n- add an animated loading indicator for the dashboard.\r\n- standardize all loading components to use the same spinner.\r\n\r\n`v-bind:key` for `v-authorship` and `v-zoom` tabs has been changed to \r\nprevent unnecessary rerendering.",
            "fileTypesAndContributionMap": {
              "pug": {
                "insertions": 13,
                "deletions": 9
              },
              "scss": {
                "insertions": 10,
                "deletions": 16
              },
              "js": {
                "insertions": 86,
                "deletions": 27
              }
            }
          }
        ]
      },
      {
        "date": "2021-01-26",
        "commitResults": [
          {
            "hash": "b4c083b00b69820faf3e29691c9a76a79791c305",
            "messageTitle": "[#1424] Call `window.decodeHash` only once (#1428)",
            "messageBody": "`window.decodeHash()` is called several times throughout the code.\r\n\r\nIt does not make sense for it to be called more than once per page \r\nreload because it is used to reads params from the URL.\r\n\r\nLet\u0027s \r\n- call `window.decodeHash()` only once in the entire code.\r\n- call `window.decodeHash()` before `window.encodeHash()` can \r\n  possibly be called.",
            "fileTypesAndContributionMap": {
              "js": {
                "insertions": 1,
                "deletions": 7
              }
            }
          }
        ]
      },
      {
        "date": "2021-02-01",
        "commitResults": [
          {
            "hash": "2c6ac34189a8b974afc6f4db0f22abf567f10e0f",
            "messageTitle": "[#1340] v_segment: rewrite toggling logic (#1416)",
            "messageBody": "`v_segment` uses `window.toggleNext()` to show and hide code.\r\n\r\n`window.toggleNext()` directly modifies HTML(add classes and \r\nelements directly), and so might conflict with how Vue works. And as \r\na result, using `window.toggleNext()` creates code which is hard to \r\ndebug and maintain.\r\n\r\nLet\u0027s rewrite `v_segment` to use the Vue way of hiding and showing \r\nelements by using `v-if`.",
            "fileTypesAndContributionMap": {
              "pug": {
                "insertions": 21,
                "deletions": 8
              },
              "scss": {
                "insertions": 0,
                "deletions": 35
              },
              "js": {
                "insertions": 4,
                "deletions": 15
              }
            }
          }
        ]
      },
      {
        "date": "2021-02-07",
        "commitResults": [
          {
            "hash": "2183ba49eb01bf5160129e40ff0110c3cacbb5c3",
            "messageTitle": "DG: remove need to open PR for small issues (#1422)",
            "messageBody": "The DG suggests that before making a PR, contributors should post an \r\nissue first and wait for it to be acknowledged.\r\n\r\nThis is deemed to be unnecessary for small changes, such as fixing \r\ngrammatical errors in documentation or simple bug fixes.\r\n\r\nLet\u0027s add a line in the DG that it is unnecessary to create an issue \r\nfor simple documentation fixes or tasks with clear instructions.",
            "fileTypesAndContributionMap": {
              "md": {
                "insertions": 1,
                "deletions": 0
              }
            }
          },
          {
            "hash": "6a9f00f2af75d45550a9c7768e2013e4357f86d6",
            "messageTitle": "[#1423] Fix Vue build warning (#1442)",
            "messageBody": "ESLint complains about unnamed functions, alerts, and linebreaks on \r\nWindows.\r\n\r\nLet\u0027s stop ESLint from complaining about unnecessary warnings, and \r\nstandardize function declarations.",
            "fileTypesAndContributionMap": {
              "json": {
                "insertions": 4,
                "deletions": 1
              },
              "js": {
                "insertions": 2,
                "deletions": 2
              }
            }
          },
          {
            "hash": "06b61211a08f1b0b2dcdbef8d75cede35f528817",
            "messageTitle": "[#1417] Change the way api.js loads json files (#1418)",
            "messageBody": "`api.js` uses `XMLHttpRequest` and `promises` to load JSON files \r\nfrom the server. However, using the fetch api with `async-await `\r\ncan result in cleaner and more easily maintainable code.\r\n\r\nFurthermore, uploading zip files does not work, as the variable used \r\nto denote the zip file is set to be a const null value, which cannot \r\nbe changed when using the website.\r\n\r\nLet\u0027s \r\n- use fetch and async-await to get the JSON file.\r\n- fix the uploading of zip files.",
            "fileTypesAndContributionMap": {
              "js": {
                "insertions": 99,
                "deletions": 91
              }
            }
          }
        ]
      },
      {
        "date": "2021-02-22",
        "commitResults": [
          {
            "hash": "7b8dd64a641c1a604b516e3e1ee0a0c16c15559a",
            "messageTitle": "[#1426] Zoom reloading not function properly (#1437)",
            "messageBody": "Zoom reloading may not function properly sometimes due to the \r\n`zFilterSearch` parameter of the URL is the string \u0027undefined\u0027.\r\n\r\nIt causes `restoreZoomFiltered` in `v_summary.js` to crash as \r\n`isMatchSearchedUser(zFilterSearch, user)` does not match any user \r\nleading to an array index out of bounds error.\r\n\r\nLet\u0027s fix this by ensuring that `zFilterSearch` is defined in \r\n`v_ramp`, such that `zFilterSearch\u003d\u0027undefined\u0027` is not generated in \r\nthe URL, when one clicks on the ramp.",
            "fileTypesAndContributionMap": {
              "pug": {
                "insertions": 2,
                "deletions": 1
              }
            }
          }
        ]
      },
      {
        "date": "2021-02-24",
        "commitResults": [
          {
            "hash": "7e4e050f848052f8003098160f4ec4a18ddbe4b9",
            "messageTitle": "[#1382] Avoid rerendering tabs unnecessarily (#1390)",
            "messageBody": "Tabs are destroyed and rerendered based on a key which can lead to \r\nmysterious bugs. Furthermore, tab information is passed indirectly \r\nfrom store to `main.js` before being passed to the tab itself.\r\n\r\nLet\u0027s \r\n- clean up the code such that tabs do not need to completely \r\n  rerender when information changes. \r\n- pass the tab information directly.",
            "fileTypesAndContributionMap": {
              "pug": {
                "insertions": 2,
                "deletions": 8
              },
              "js": {
                "insertions": 85,
                "deletions": 63
              }
            }
          },
          {
            "hash": "5b48bdba00c96556008be1c967e25115fddbc70a",
            "messageTitle": "V_summary:  use computed `filterSinceDate` and `filterUntilDate`(#1441)",
            "messageBody": "In `v-summary`, `filterSinceDate` is changed almost exclusively \r\nby the watcher of `tmpFilterSinceDate`. And the watcher of \r\n`tmpFilterSinceDate` also calls `getFiltered()` which is a very \r\nexpensive operation.\r\n\r\nLet\u0027s \r\n- turn `filterSinceDate` into a computed function which\r\n  is easier to understand.\r\n- move `getFiltered()` out of the watcher of `tmpFilterSinceDate`.\r\n- make similar changes to `filterUntilDate`.",
            "fileTypesAndContributionMap": {
              "js": {
                "insertions": 25,
                "deletions": 34
              }
            }
          }
        ]
      },
      {
        "date": "2021-03-04",
        "commitResults": [
          {
            "hash": "0f70ff35ecbbf65935d177880a17a0614dd8b4bb",
            "messageTitle": "[#1420] v_summary: extract some movable code (#1421)",
            "messageBody": "`v_summary` is very long (900+ lines), which makes maintaining code \r\nhard as it not always clear which code causes changes in the \r\ncomponents state.\r\n\r\nIdeally, all code that does not modify state should be moved out.\r\nThis further helps to decouple code, as it forces the dependencies \r\nof the functions to be written clearly as arguments, allowing the \r\nfunction to act as a reliable black box which is also easier to \r\ntest.\r\n\r\nLet\u0027s move such movable code out of `v_summary`.",
            "fileTypesAndContributionMap": {
              "pug": {
                "insertions": 2,
                "deletions": 0
              },
              "js": {
                "insertions": 201,
                "deletions": 183
              }
            }
          }
        ]
      },
      {
        "date": "2021-03-05",
        "commitResults": [
          {
            "hash": "5f0dff261de89c7c056e54b5ef7443e773bfa73e",
            "messageTitle": "v_zoom: rewrite refresh logic (#1419)",
            "messageBody": "The zoom tab uses `this.$root.$emit` to obtain information from \r\n`v_summary` during a page refresh.\r\n\r\nHowever, we are upgrading to Vue3 to projectify frontend and Vue3 \r\ndoes not support this.\r\n\r\nLet\u0027s update the way zoom tab loads data on page refresh to be \r\ncompatible with Vue3.",
            "fileTypesAndContributionMap": {
              "js": {
                "insertions": 17,
                "deletions": 16
              }
            }
          }
        ]
      },
      {
        "date": "2021-03-07",
        "commitResults": [
          {
            "hash": "599a5d1e7af4bbdca631a741b655b22ca410d61c",
            "messageTitle": "[#1440] Call `this.getFiltered()` only once during initialization. (#1447)",
            "messageBody": "In `v_summary`, state such as `checkedFileTypes` and \r\n`filterBreakdown` are being watched in order to rerender `v_summary`\r\nwhen users select options.\r\n\r\nHowever, `renderFilterHash()` also modifies these states when \r\n`v_summary` is created, leading to unnecessary calls to \r\n`getFiltered()`. `getFiltered()` is a very expensive operation so it \r\nshould ideally only be called once during initialization.\r\n\r\nLet\u0027s remove such watchers, and directly call `getFiltered()` \r\nfrom the template.",
            "fileTypesAndContributionMap": {
              "pug": {
                "insertions": 11,
                "deletions": 6
              },
              "js": {
                "insertions": 0,
                "deletions": 17
              }
            }
          }
        ]
      }
    ],
    "rolandyuwy": [
      {
        "date": "2020-12-24",
        "commitResults": [
          {
            "hash": "5136d4e213c6f8d867be874286a6785a5e18057e",
            "messageTitle": "[#1377] DG: minor improvement to `Setting Up` section (#1380)",
            "messageBody": "In the Setting Up section of the Developer Guide, a hint is provided \r\nfor checking the version of `git`, but not for `JDK` or `npm`.\r\n\r\nLet\u0027s provide hints for `JDK` and `npm` as well.",
            "fileTypesAndContributionMap": {
              "md": {
                "insertions": 1,
                "deletions": 1
              }
            }
          }
        ]
      },
      {
        "date": "2021-02-24",
        "commitResults": [
          {
            "hash": "aa1ba08ad80cfaedb27e72179f8cee10ab18c461",
            "messageTitle": "[#1401] DG: Replace screenshots of Sequence Diagrams as PUML diagrams (#1406)",
            "messageBody": "The Developer Guide uses screenshots of Sequence Diagrams for \r\ndocumentation.\r\n\r\nThis makes it more tedious to update diagrams.\r\n\r\nLet\u0027s use MarkBind\u0027s native support for PlantUML by tagging diagrams \r\nto `.puml` files of diagrams in the documentation to allow easier \r\nupdating of the Sequence Diagrams.",
            "fileTypesAndContributionMap": {
              "md": {
                "insertions": 2,
                "deletions": 2
              }
            }
          }
        ]
      }
    ],
    "HCY123902": [
      {
        "date": "2020-12-17",
        "commitResults": [
          {
            "hash": "8b4555b70a2b5ad7f2ac83594d08d3f620a5fbc9",
            "messageTitle": "[#1202] Add Javadoc for backend functions (#1364)",
            "messageBody": "Some methods in `StreamGobbler`, `CustomLogFormatter`, `FileType`, \r\nand `RepoConfiguration` do not have Javadoc although the methods are \r\nnot standard getter or setter.\r\n\r\nTo enhance readability, it may be necessary to explain what they do, \r\nespecially for `run()` in `StreamGobbler` since the method name may \r\nnot give enough information. Additionally, there is a colon missing \r\nin the developer guide architecture section.\r\n\r\nLet\u0027s add Javadoc to these methods and also add the missing colon\r\nto the developer guide to make documentation more consistent.",
            "fileTypesAndContributionMap": {
              "java": {
                "insertions": 22,
                "deletions": 2
              },
              "md": {
                "insertions": 1,
                "deletions": 1
              }
            }
          }
        ]
      },
      {
        "date": "2020-12-24",
        "commitResults": [
          {
            "hash": "4656694c8406cf4b8b6cccb7c1323549593268b5",
            "messageTitle": "[#1369] DG: make enhancement to workflow guideline (#1378)",
            "messageBody": "The link to the PR guideline is missing in the DG workflow, which\r\nmay cause problems for first-time contributors to follow the \r\nstandard workflow.\r\n\r\nAdding PR guideline link can make it more convenient for the \r\ncontributor to standardize the pull request commit message and \r\nreduce work for the reviewers.s\r\n\r\nLet\u0027s add the PR guideline link and a reminder to the DG workflow \r\npage.",
            "fileTypesAndContributionMap": {
              "md": {
                "insertions": 3,
                "deletions": 2
              }
            }
          }
        ]
      },
      {
        "date": "2021-01-02",
        "commitResults": [
          {
            "hash": "8667b67d7019a969c6463686b0c8855f46894359",
            "messageTitle": "[#1227] GsonBuilder: disable pretty-printing option to reduce JSON files size (#1386)",
            "messageBody": "The pretty-printing option of `GsonBuilder` is enabled and it makes the \r\nJSON file generated take more space.\r\n\r\nThis leads to issues regarding space consumption when the report \r\ncontains a large amount of information from the repositories.\r\n\r\nLet\u0027s make pretty printing disabled by default to reduce space \r\nconsumption.",
            "fileTypesAndContributionMap": {
              "java": {
                "insertions": 0,
                "deletions": 1
              }
            }
          }
        ]
      },
      {
        "date": "2021-01-08",
        "commitResults": [
          {
            "hash": "8cedb000a7e71c05555d4c1feb9e36632e0b45b8",
            "messageTitle": "[#1252] DG: add frontend tests reminder (#1384)",
            "messageBody": "Making frontend changes without adding new tests can cause \r\nregression bugs, as is mentioned in issue #1252.\r\n\r\nAdding the reminder can make it clear to the contributors that new \r\nfrontend tests are necessary and reduce the risk of potential \r\nregressions.\r\n\r\nLet\u0027s add this notice to DG.",
            "fileTypesAndContributionMap": {
              "md": {
                "insertions": 5,
                "deletions": 0
              }
            }
          }
        ]
      },
      {
        "date": "2021-01-28",
        "commitResults": [
          {
            "hash": "c8381c99dc3128dea3fad8cf8b32138e06133973",
            "messageTitle": "UG: fix small CLI documentation bug (#1432)",
            "messageBody": "In the CLI documentation, there is a bug related to the reminder\nthat warns users not to use `--repo` with `--config` according\nto the config section.\n\nLet\u0027s change it to reduce confusion for the users.\n",
            "fileTypesAndContributionMap": {
              "md": {
                "insertions": 1,
                "deletions": 1
              }
            }
          }
        ]
      },
      {
        "date": "2021-02-03",
        "commitResults": [
          {
            "hash": "e192f5750d45465c3fa4d7023edb04885a775f25",
            "messageTitle": "[#1409] UG: fix typos in CLI documentation (#1410)",
            "messageBody": "In the CLI documentation, some punctuation seems to be missing. \r\nThere are also typos in the documentation and missing arguments in \r\nthe example commands. \r\n\r\nLet\u0027s handle them to make the documentation more consistent.",
            "fileTypesAndContributionMap": {
              "md": {
                "insertions": 17,
                "deletions": 17
              }
            }
          },
          {
            "hash": "cf82a71715c2703b62444249a62b594aac53a3ef",
            "messageTitle": "[#1407] DG: add Gradle instructions to workflow (#1408)",
            "messageBody": "The original workflow does not specifically mention the Gradle \r\ncommands to be executed for style checking and back end testing.\r\n\r\nAdding this information can help new developers to get started more \r\nquickly.\r\n\r\nLet\u0027s add the relevant Gradle instructions to the Developer Guide.",
            "fileTypesAndContributionMap": {
              "md": {
                "insertions": 13,
                "deletions": 1
              }
            }
          }
        ]
      },
      {
        "date": "2021-02-07",
        "commitResults": [
          {
            "hash": "973817c84beb33b0b60e330175fd119383ef1430",
            "messageTitle": "[#1404] DG: edit the running from code part (#1405)",
            "messageBody": "The documentation does not specifically mention how to view the\r\nreport in the browser when running the application from code.\r\n\r\nAdding the additional documentation can bring convenience for\r\nnewcomers to run the application locally when developing.\r\n\r\nLet\u0027s edit the documentation to make the instructions clearer.",
            "fileTypesAndContributionMap": {
              "md": {
                "insertions": 6,
                "deletions": 2
              }
            }
          }
        ]
      },
      {
        "date": "2021-03-05",
        "commitResults": [
          {
            "hash": "00fc2fa80032518452f6fb6f86f3c2d1cdd3f476",
            "messageTitle": "[#1352] Add highlight to selected authorship or commit tab (#1453)",
            "messageBody": "Given an authorship or commit panel with a large number of file \r\nchanges involved, it may be inconvenient for the user to see which \r\nauthor is currently inspected upon when the user scrolls down the \r\npanel.\r\n\r\nAdding highlight to the selected authorship or commit panel in the \r\nsummary chart can make it more convenient for the user.\r\n\r\nLet\u0027s add the highlight to the selected panel.",
            "fileTypesAndContributionMap": {
              "pug": {
                "insertions": 26,
                "deletions": 7
              },
              "scss": {
                "insertions": 15,
                "deletions": 1
              },
              "js": {
                "insertions": 93,
                "deletions": 3
              }
            }
          }
        ]
      },
      {
        "date": "2021-03-07",
        "commitResults": [
          {
            "hash": "e478bb308074715400e08329a8d8753e8225ee64",
            "messageTitle": "v_summary_charts: fix typo of some arguments (#1457)",
            "messageBody": "In `v_summary_charts`, there seems to be a typo in the parameter \r\n`isMerged`, with a character missing.\r\n\r\nHandling the typo can enhance the consistency of the parameter \r\nnaming convention.\r\n\r\nLet\u0027s fix the typo in the parameter name.",
            "fileTypesAndContributionMap": {
              "pug": {
                "insertions": 2,
                "deletions": 2
              },
              "js": {
                "insertions": 5,
                "deletions": 5
              }
            }
          }
        ]
      }
    ],
    "jianhandev": [],
    "Derek-Hardy": [],
    "daongochieu2810": [],
    "dingyuchen": [],
    "raysonkoh": [],
    "teikjun": [],
    "wxwxwxwx9": [],
    "seanlowjk": [],
    "jonahtanjz": [],
    "AdithyaNarayan": [],
    "ryoarmanda": []
  },
  "authorFileTypeContributionMap": {
    "moziliar": {
      "java": 0,
      "js": 0,
      "scss": 0,
      "json": 0,
      "md": 0,
      "py": 0,
      "pug": 0,
      "gradle": 0,
      "sh": 0,
      "yml": 0
    },
    "t-cheepeng": {
      "java": 0,
      "js": 0,
      "scss": 0,
      "json": 0,
      "md": 0,
      "py": 0,
      "pug": 0,
      "gradle": 0,
      "sh": 0,
      "yml": 0
    },
    "kkangs0226": {
      "java": 0,
      "js": 0,
      "scss": 0,
      "json": 3,
      "md": 0,
      "py": 0,
      "pug": 0,
      "gradle": 0,
      "sh": 0,
      "yml": 0
    },
    "ptvrajsk": {
      "java": 0,
      "js": 0,
      "scss": 0,
      "json": 0,
      "md": 0,
      "py": 0,
      "pug": 0,
      "gradle": 0,
      "sh": 0,
      "yml": 0
    },
    "halfwhole": {
      "java": 0,
      "js": 0,
      "scss": 0,
      "json": 0,
      "md": 0,
      "py": 0,
      "pug": 0,
      "gradle": 0,
      "sh": 0,
      "yml": 0
    },
    "dcshzj": {
      "java": 0,
      "js": 0,
      "scss": 0,
      "json": 0,
      "md": 0,
      "py": 0,
      "pug": 0,
      "gradle": 1,
      "sh": 139,
      "yml": 378
    },
    "gerhean": {
      "java": 0,
      "js": 440,
      "scss": 9,
      "json": 4,
      "md": 1,
      "py": 0,
      "pug": 57,
      "gradle": 0,
      "sh": 0,
      "yml": 0
    },
    "rolandyuwy": {
      "java": 0,
      "js": 0,
      "scss": 0,
      "json": 0,
      "md": 3,
      "py": 0,
      "pug": 0,
      "gradle": 0,
      "sh": 0,
      "yml": 0
    },
    "HCY123902": {
      "java": 21,
      "js": 97,
      "scss": 15,
      "json": 0,
      "md": 45,
      "py": 0,
      "pug": 28,
      "gradle": 0,
      "sh": 0,
      "yml": 0
    },
    "jianhandev": {
      "java": 0,
      "js": 0,
      "scss": 0,
      "json": 0,
      "md": 0,
      "py": 0,
      "pug": 0,
      "gradle": 0,
      "sh": 0,
      "yml": 0
    },
    "Derek-Hardy": {
      "java": 0,
      "js": 0,
      "scss": 0,
      "json": 0,
      "md": 0,
      "py": 0,
      "pug": 0,
      "gradle": 0,
      "sh": 0,
      "yml": 0
    },
    "daongochieu2810": {
      "java": 0,
      "js": 0,
      "scss": 0,
      "json": 0,
      "md": 0,
      "py": 0,
      "pug": 0,
      "gradle": 0,
      "sh": 0,
      "yml": 0
    },
    "dingyuchen": {
      "java": 0,
      "js": 0,
      "scss": 0,
      "json": 0,
      "md": 0,
      "py": 0,
      "pug": 0,
      "gradle": 0,
      "sh": 0,
      "yml": 0
    },
    "raysonkoh": {
      "java": 0,
      "js": 0,
      "scss": 0,
      "json": 0,
      "md": 0,
      "py": 0,
      "pug": 0,
      "gradle": 0,
      "sh": 0,
      "yml": 0
    },
    "teikjun": {
      "java": 0,
      "js": 0,
      "scss": 0,
      "json": 0,
      "md": 0,
      "py": 0,
      "pug": 0,
      "gradle": 0,
      "sh": 0,
      "yml": 0
    },
    "wxwxwxwx9": {
      "java": 0,
      "js": 0,
      "scss": 0,
      "json": 0,
      "md": 0,
      "py": 0,
      "pug": 0,
      "gradle": 0,
      "sh": 0,
      "yml": 0
    },
    "seanlowjk": {
      "java": 0,
      "js": 0,
      "scss": 0,
      "json": 0,
      "md": 0,
      "py": 0,
      "pug": 0,
      "gradle": 0,
      "sh": 0,
      "yml": 0
    },
    "jonahtanjz": {
      "java": 0,
      "js": 0,
      "scss": 0,
      "json": 0,
      "md": 0,
      "py": 0,
      "pug": 0,
      "gradle": 0,
      "sh": 0,
      "yml": 0
    },
    "AdithyaNarayan": {
      "java": 0,
      "js": 0,
      "scss": 0,
      "json": 0,
      "md": 0,
      "py": 0,
      "pug": 0,
      "gradle": 0,
      "sh": 0,
      "yml": 0
    },
    "ryoarmanda": {
      "java": 0,
      "js": 0,
      "scss": 0,
      "json": 0,
      "md": 0,
      "py": 0,
      "pug": 0,
      "gradle": 0,
      "sh": 0,
      "yml": 0
    }
  },
  "authorContributionVariance": {
    "moziliar": 0.0,
    "t-cheepeng": 0.0,
    "kkangs0226": 0.09182697,
    "ptvrajsk": 0.0,
    "halfwhole": 0.0,
    "dcshzj": 3107.9211,
    "gerhean": 2660.1843,
    "rolandyuwy": 0.20235947,
    "HCY123902": 243.8648,
    "jianhandev": 0.0,
    "Derek-Hardy": 0.0,
    "daongochieu2810": 0.0,
    "dingyuchen": 0.0,
    "raysonkoh": 0.0,
    "teikjun": 0.0,
    "wxwxwxwx9": 0.0,
    "seanlowjk": 0.0,
    "jonahtanjz": 0.0,
    "AdithyaNarayan": 0.0,
    "ryoarmanda": 0.0
  },
  "authorDisplayNameMap": {
    "moziliar": "MO Z..GRAN",
    "t-cheepeng": "TAN ..PENG",
    "kkangs0226": "KANG.. MIN",
    "ptvrajsk": "PRIT..UMAR",
    "halfwhole": "LIM .. WEI",
    "dcshzj": "HSU .. JUN",
    "gerhean": "CHAN..HEAN",
    "rolandyuwy": "ROLA..YANG",
    "HCY123902": "HUAN..NGYU",
    "jianhandev": "LI J..NHAN",
    "Derek-Hardy": "ZHUA..NJIE",
    "daongochieu2810": "DAO ..HIEU",
    "dingyuchen": "DING..CHEN",
    "raysonkoh": "KOH ..YSON",
    "teikjun": "TAN .. JUN",
    "wxwxwxwx9": "ONG ..IANG",
    "seanlowjk": "LOW ..SEAN",
    "jonahtanjz": "JONA..N ZI",
    "AdithyaNarayan": "ADIT..ASAN",
    "ryoarmanda": "RYO ..ANDA"
  }
}
