{"authorDailyContributionsMap":{"moziliar":[],"t-cheepeng":[],"kkangs0226":[{"date":"2020-12-15","commitResults":[{"hash":"adb0f2b1c81bff2d5b87180e7ea8c66110dc19b5","messageTitle":"[#1370] Documents: use light theme for code blocks (#1373)","messageBody":"Code blocks inside UG and DG are in dark theme after the latest \r\nMarkBind update.\r\n\r\nLet\u0027s update `site.json` file to change them back to the light theme\r\nto improve readability.","fileTypesAndContributionMap":{"json":{"insertions":3,"deletions":0}}}]}],"ptvrajsk":[],"halfwhole":[],"dcshzj":[{"date":"2021-01-11","commitResults":[{"hash":"277f4ae35d953fc91de73649aa198ac8b6861df3","messageTitle":"[#1358] CI/CD: migrate from TravisCI to GitHub Actions (#1400)","messageBody":"TravisCI has moved towards a fixed quota to execute tests on their\r\nwebsite, which is not sustainable in the long term.\r\n\r\nLet\u0027s migrate the testing infrastructure to GitHub Actions to take\r\nadvantage of their free unlimited minutes.","fileTypesAndContributionMap":{"gradle":{"insertions":1,"deletions":1},"sh":{"insertions":19,"deletions":10},"yml":{"insertions":284,"deletions":89}}}]},{"date":"2021-01-22","commitResults":[{"hash":"ae226467c9b942722788b0a168f5b5e4f19bb92d","messageTitle":"[#1272] Github Actions: move deployment to Surge to a secure workflow (#1411)","messageBody":"The continuous integration workflow on GitHub Actions includes a \r\ndeployment to surge.sh. \r\n\r\nThis is a security concern, as it exposes the secrets configured in \r\nGitHub Actions to potential bad actors when they create a pull \r\nrequest.\r\n\r\nLet\u0027s \r\n- separate the deployment to surge.sh as a different workflow\r\n  and pass the preview websites as an artifact to reduce the \r\n  exposure of repository secrets to untrusted code and improve \r\n  security.\r\n- also change the way the deployment previews are reported in\r\n  the pull request by taking advantage of the deployment status.","fileTypesAndContributionMap":{"sh":{"insertions":136,"deletions":76},"yml":{"insertions":124,"deletions":43}}}]},{"date":"2021-01-25","commitResults":[{"hash":"99a4a3dfde6c4a6493e4c26244d30520dee211a9","messageTitle":"[#1429] GitHub Actions: fix race condition for Surge deployment workflows (#1434)","messageBody":"GitHub Actions for Surge deployment can encounter race conditions \r\nwhere multiple pull requests are deployed at once, causing confusion \r\nas to the exact artifacts to download. \r\n\r\nThis is caused by not specifying the pull request numbers when \r\ndownloading artifacts.\r\n\r\nLet\u0027s make it such that the correct artifacts are downloaded even\r\nwhen multiple deployments occur concurrently.","fileTypesAndContributionMap":{"sh":{"insertions":11,"deletions":8},"yml":{"insertions":15,"deletions":7}}}]}],"gerhean":[],"rolandyuwy":[{"date":"2020-12-24","commitResults":[{"hash":"5136d4e213c6f8d867be874286a6785a5e18057e","messageTitle":"[#1377] DG: minor improvement to `Setting Up` section (#1380)","messageBody":"In the Setting Up section of the Developer Guide, a hint is provided \r\nfor checking the version of `git`, but not for `JDK` or `npm`.\r\n\r\nLet\u0027s provide hints for `JDK` and `npm` as well.","fileTypesAndContributionMap":{"md":{"insertions":1,"deletions":1}}}]}],"HCY123902":[{"date":"2020-12-17","commitResults":[{"hash":"8b4555b70a2b5ad7f2ac83594d08d3f620a5fbc9","messageTitle":"[#1202] Add Javadoc for backend functions (#1364)","messageBody":"Some methods in `StreamGobbler`, `CustomLogFormatter`, `FileType`, \r\nand `RepoConfiguration` do not have Javadoc although the methods are \r\nnot standard getter or setter.\r\n\r\nTo enhance readability, it may be necessary to explain what they do, \r\nespecially for `run()` in `StreamGobbler` since the method name may \r\nnot give enough information. Additionally, there is a colon missing \r\nin the developer guide architecture section.\r\n\r\nLet\u0027s add Javadoc to these methods and also add the missing colon\r\nto the developer guide to make documentation more consistent.","fileTypesAndContributionMap":{"java":{"insertions":22,"deletions":2},"md":{"insertions":1,"deletions":1}}}]},{"date":"2020-12-24","commitResults":[{"hash":"4656694c8406cf4b8b6cccb7c1323549593268b5","messageTitle":"[#1369] DG: make enhancement to workflow guideline (#1378)","messageBody":"The link to the PR guideline is missing in the DG workflow, which\r\nmay cause problems for first-time contributors to follow the \r\nstandard workflow.\r\n\r\nAdding PR guideline link can make it more convenient for the \r\ncontributor to standardize the pull request commit message and \r\nreduce work for the reviewers.s\r\n\r\nLet\u0027s add the PR guideline link and a reminder to the DG workflow \r\npage.","fileTypesAndContributionMap":{"md":{"insertions":3,"deletions":2}}}]},{"date":"2021-01-02","commitResults":[{"hash":"8667b67d7019a969c6463686b0c8855f46894359","messageTitle":"[#1227] GsonBuilder: disable pretty-printing option to reduce JSON files size (#1386)","messageBody":"The pretty-printing option of `GsonBuilder` is enabled and it makes the \r\nJSON file generated take more space.\r\n\r\nThis leads to issues regarding space consumption when the report \r\ncontains a large amount of information from the repositories.\r\n\r\nLet\u0027s make pretty printing disabled by default to reduce space \r\nconsumption.","fileTypesAndContributionMap":{"java":{"insertions":0,"deletions":1}}}]},{"date":"2021-01-08","commitResults":[{"hash":"8cedb000a7e71c05555d4c1feb9e36632e0b45b8","messageTitle":"[#1252] DG: add frontend tests reminder (#1384)","messageBody":"Making frontend changes without adding new tests can cause \r\nregression bugs, as is mentioned in issue #1252.\r\n\r\nAdding the reminder can make it clear to the contributors that new \r\nfrontend tests are necessary and reduce the risk of potential \r\nregressions.\r\n\r\nLet\u0027s add this notice to DG.","fileTypesAndContributionMap":{"md":{"insertions":5,"deletions":0}}}]},{"date":"2021-01-28","commitResults":[{"hash":"c8381c99dc3128dea3fad8cf8b32138e06133973","messageTitle":"UG: fix small CLI documentation bug (#1432)","messageBody":"In the CLI documentation, there is a bug related to the reminder\nthat warns users not to use `--repo` with `--config` according\nto the config section.\n\nLet\u0027s change it to reduce confusion for the users.\n","fileTypesAndContributionMap":{"md":{"insertions":1,"deletions":1}}}]},{"date":"2021-02-03","commitResults":[{"hash":"e192f5750d45465c3fa4d7023edb04885a775f25","messageTitle":"[#1409] UG: fix typos in CLI documentation (#1410)","messageBody":"In the CLI documentation, some punctuation seems to be missing. \r\nThere are also typos in the documentation and missing arguments in \r\nthe example commands. \r\n\r\nLet\u0027s handle them to make the documentation more consistent.","fileTypesAndContributionMap":{"md":{"insertions":17,"deletions":17}}},{"hash":"cf82a71715c2703b62444249a62b594aac53a3ef","messageTitle":"[#1407] DG: add Gradle instructions to workflow (#1408)","messageBody":"The original workflow does not specifically mention the Gradle \r\ncommands to be executed for style checking and back end testing.\r\n\r\nAdding this information can help new developers to get started more \r\nquickly.\r\n\r\nLet\u0027s add the relevant Gradle instructions to the Developer Guide.","fileTypesAndContributionMap":{"md":{"insertions":13,"deletions":1}}}]},{"date":"2021-02-07","commitResults":[{"hash":"973817c84beb33b0b60e330175fd119383ef1430","messageTitle":"[#1404] DG: edit the running from code part (#1405)","messageBody":"The documentation does not specifically mention how to view the\r\nreport in the browser when running the application from code.\r\n\r\nAdding the additional documentation can bring convenience for\r\nnewcomers to run the application locally when developing.\r\n\r\nLet\u0027s edit the documentation to make the instructions clearer.","fileTypesAndContributionMap":{"md":{"insertions":6,"deletions":2}}}]}],"jianhandev":[],"Derek-Hardy":[],"daongochieu2810":[],"dingyuchen":[],"raysonkoh":[],"teikjun":[],"wxwxwxwx9":[],"seanlowjk":[],"jonahtanjz":[],"AdithyaNarayan":[],"ryoarmanda":[]},"authorFileTypeContributionMap":{"moziliar":{"java":0,"js":0,"scss":0,"json":0,"md":0,"py":0,"pug":0,"gradle":0,"sh":0,"yml":0},"t-cheepeng":{"java":0,"js":0,"scss":0,"json":0,"md":0,"py":0,"pug":0,"gradle":0,"sh":0,"yml":0},"kkangs0226":{"java":0,"js":0,"scss":0,"json":3,"md":0,"py":0,"pug":0,"gradle":0,"sh":0,"yml":0},"ptvrajsk":{"java":0,"js":0,"scss":0,"json":0,"md":0,"py":0,"pug":0,"gradle":0,"sh":0,"yml":0},"halfwhole":{"java":0,"js":0,"scss":0,"json":0,"md":0,"py":0,"pug":0,"gradle":0,"sh":0,"yml":0},"dcshzj":{"java":0,"js":0,"scss":0,"json":0,"md":0,"py":0,"pug":0,"gradle":1,"sh":139,"yml":373},"gerhean":{"java":0,"js":0,"scss":0,"json":0,"md":0,"py":0,"pug":0,"gradle":0,"sh":0,"yml":0},"rolandyuwy":{"java":0,"js":0,"scss":0,"json":0,"md":1,"py":0,"pug":0,"gradle":0,"sh":0,"yml":0},"HCY123902":{"java":21,"js":0,"scss":0,"json":0,"md":45,"py":0,"pug":0,"gradle":0,"sh":0,"yml":0},"jianhandev":{"java":0,"js":0,"scss":0,"json":0,"md":0,"py":0,"pug":0,"gradle":0,"sh":0,"yml":0},"Derek-Hardy":{"java":0,"js":0,"scss":0,"json":0,"md":0,"py":0,"pug":0,"gradle":0,"sh":0,"yml":0},"daongochieu2810":{"java":0,"js":0,"scss":0,"json":0,"md":0,"py":0,"pug":0,"gradle":0,"sh":0,"yml":0},"dingyuchen":{"java":0,"js":0,"scss":0,"json":0,"md":0,"py":0,"pug":0,"gradle":0,"sh":0,"yml":0},"raysonkoh":{"java":0,"js":0,"scss":0,"json":0,"md":0,"py":0,"pug":0,"gradle":0,"sh":0,"yml":0},"teikjun":{"java":0,"js":0,"scss":0,"json":0,"md":0,"py":0,"pug":0,"gradle":0,"sh":0,"yml":0},"wxwxwxwx9":{"java":0,"js":0,"scss":0,"json":0,"md":0,"py":0,"pug":0,"gradle":0,"sh":0,"yml":0},"seanlowjk":{"java":0,"js":0,"scss":0,"json":0,"md":0,"py":0,"pug":0,"gradle":0,"sh":0,"yml":0},"jonahtanjz":{"java":0,"js":0,"scss":0,"json":0,"md":0,"py":0,"pug":0,"gradle":0,"sh":0,"yml":0},"AdithyaNarayan":{"java":0,"js":0,"scss":0,"json":0,"md":0,"py":0,"pug":0,"gradle":0,"sh":0,"yml":0},"ryoarmanda":{"java":0,"js":0,"scss":0,"json":0,"md":0,"py":0,"pug":0,"gradle":0,"sh":0,"yml":0}},"authorContributionVariance":{"moziliar":0.0,"t-cheepeng":0.0,"kkangs0226":0.12854429,"ptvrajsk":0.0,"halfwhole":0.0,"dcshzj":4328.956,"gerhean":0.0,"rolandyuwy":0.057130873,"HCY123902":43.01744,"jianhandev":0.0,"Derek-Hardy":0.0,"daongochieu2810":0.0,"dingyuchen":0.0,"raysonkoh":0.0,"teikjun":0.0,"wxwxwxwx9":0.0,"seanlowjk":0.0,"jonahtanjz":0.0,"AdithyaNarayan":0.0,"ryoarmanda":0.0},"authorDisplayNameMap":{"moziliar":"MO Z..GRAN","t-cheepeng":"TAN ..PENG","kkangs0226":"KANG.. MIN","ptvrajsk":"PRIT..UMAR","halfwhole":"LIM .. WEI","dcshzj":"HSU .. JUN","gerhean":"CHAN..HEAN","rolandyuwy":"ROLA..YANG","HCY123902":"HUAN..NGYU","jianhandev":"LI J..NHAN","Derek-Hardy":"ZHUA..NJIE","daongochieu2810":"DAO ..HIEU","dingyuchen":"DING..CHEN","raysonkoh":"KOH ..YSON","teikjun":"TAN .. JUN","wxwxwxwx9":"ONG ..IANG","seanlowjk":"LOW ..SEAN","jonahtanjz":"JONA..N ZI","AdithyaNarayan":"ADIT..ASAN","ryoarmanda":"RYO ..ANDA"}}
