{"authorDailyContributionsMap":{"jianhandev":[{"date":"2020-12-19","commitResults":[{"hash":"2417752bbe8ab3eec1c38f50b13e668c5e7e9118","messageTitle":"[#10805] Browse by topic listing comes over the text (fix padding) (#10864)","messageBody":"* Fix UI bug in instructor help page\r\n\r\n* Fix length-zero-no-unit in queries.scss\r\n\r\n* Move media queries to end of scss file and remove queries.scss\r\n\r\n* Delete modified package-lock.json\r\n\r\n* Undo changes in package-lock.json\r\n\r\nCo-authored-by: t-cheepeng \u003ctcp97@hotmail.com\u003e\r\nCo-authored-by: Jeremy \u003cChooJeremy@Ymail.com\u003e\r\nCo-authored-by: Ahmed Bahajjaj \u003cAhmed_Bahajjaj@u.nus.edu\u003e","fileTypesAndContributionMap":{"scss":{"insertions":10,"deletions":0}}}]},{"date":"2020-12-25","commitResults":[{"hash":"19761aa9de3510f12fc061c47e8aae01ec82b5f1","messageTitle":"[#10788] Instructor view student list: incorrect state shown very briefly (feedback session page) (#10871)","messageBody":"* Fix UI bug in instructor help page\r\n\r\n* Fix length-zero-no-unit in queries.scss\r\n\r\n* Add boolean flag and second check in session-edit-form component\r\n\r\n* Remove accidental changes\r\n\r\n* Remove hasCourseLoaded flag from instructor sessions page component\r\n\r\n* Remove boolean flag as input from session edit form component\r\n\r\n* Disable Add New Feedback Session button when courses are still loading","fileTypesAndContributionMap":{"html":{"insertions":2,"deletions":2}}}]},{"date":"2021-02-22","commitResults":[{"hash":"9f3703d03514a31a4859ed2f7ea0dca25bebdaea","messageTitle":"[#10788] Instructor view student list: incorrect state shown very briefly (student list page) (#10872)","messageBody":"* Fix UI bug in instructor help page\r\n\r\n* Fix length-zero-no-unit in queries.scss\r\n\r\n* Add second check to ensure student has loaded before checking the number of students in student list page\r\n\r\n* Undo accidental changes\r\n\r\nCo-authored-by: Ahmed Bahajjaj \u003cAhmed_Bahajjaj@u.nus.edu\u003e","fileTypesAndContributionMap":{"html":{"insertions":1,"deletions":1}}}]}],"Derek-Hardy":[{"date":"2021-02-08","commitResults":[{"hash":"d85934b6f65eadf0783b463f0e80dc7eecd81b46","messageTitle":"[#10885] Fixed unresponsive question tab in instructor help page (#10921)","messageBody":"* Updated grid system and fixed question tab expansion glitch in instructor help page\r\n\r\n* update snapshot for question edit form\r\n\r\n* update media max-width to fit medium screen size of grid system\r\n\r\n* removed flex changes in question-edit-form.component.html, added it only in help page instead","fileTypesAndContributionMap":{"scss":{"insertions":2,"deletions":6},"html":{"insertions":2,"deletions":2}}}]},{"date":"2021-02-09","commitResults":[{"hash":"5621286df24b2780ae7f4966fdbd3269822ec033","messageTitle":"[#10920] Add front-end tests for student home page component (#10925)","messageBody":"* Initial commit on student home page test\r\n\r\n* Add test cases for sortBy ID and names; add more snapshot test cases\r\n\r\n* Add test cases for router link navigation\r\n\r\n* Add test cases for button \u0026 session status\r\n\r\n* Add test cases for loadStudentCourses API endpoint\r\n\r\n* refactored common data stubs for brevity \u0026 commented unix timestamp translation\r\n\r\nCo-authored-by: Ahmed Bahajjaj \u003cAhmed_Bahajjaj@u.nus.edu\u003e","fileTypesAndContributionMap":{"html":{"insertions":10,"deletions":8},"ts":{"insertions":752,"deletions":30}}}]},{"date":"2021-02-13","commitResults":[{"hash":"f99d48dd05eafdc31e2a0b47ec5435c0c0badef3","messageTitle":"[#10920] Add front-end tests for instructor home page component (#10935)","messageBody":"* Add test cases for loadCourses and loadFeedbackSessions\r\n\r\n* Add test cases for getter and tab expansion\r\n\r\n* Add test cases for archive course\r\n\r\n* Add test cases for delete course\r\n\r\n* refactored common data stubs for brevity\r\n\r\n* commented on unix timestamp translation\r\n\r\n* refactored duplicate test data for course and feedbackSession","fileTypesAndContributionMap":{"html":{"insertions":1,"deletions":1},"ts":{"insertions":228,"deletions":75}}}]},{"date":"2021-03-03","commitResults":[{"hash":"dca6d4f962fe5c41bdf6894862815c5c700150f6","messageTitle":"[#10955] Initial Objectify upgrade from v5 to v6 (#10956)","messageBody":"* update objectify dependency to v6 and fix initial build issues\r\n\r\n* reset localhost port to default\r\n\r\n* updated cloud datastore cursor api for v6\r\n\r\n* add missing Objectify.init() in base test case\r\n\r\n* add project id information into Objectify.init()\r\n\r\n* fixed wrong order from auto import\r\n\r\n* include localDatastoreHelper test config\r\n\r\n* fixed deleteEntity key id compatibility to v6\r\n\r\n* updated e2e test setup for local datastore helper\r\n\r\n* remove local datastore service test config\r\n\r\n* remove not equal DB operation\r\n\r\n* added local datastore helper for e2e testing\r\n\r\n* Generate legacy key format consistent with the old appengine SDK\r\n\r\n* moved localDatastoreHelper setup from OfyHelper to base test case\r\n\r\n* moved datastore port config to build.template.properties\r\n\r\n* improved on documentation\r\n\r\n* refactored emulator port config\r\n\r\nCo-authored-by: jianhandev \u003cjianhanli.dev@gmail.com\u003e","fileTypesAndContributionMap":{"java":{"insertions":89,"deletions":28}}}]}]},"authorFileTypeContributionMap":{"jianhandev":{"java":0,"js":0,"scss":9,"md":0,"py":0,"tag":0,"html":3,"ts":0},"Derek-Hardy":{"java":89,"js":0,"scss":2,"md":0,"py":0,"tag":0,"html":13,"ts":872}},"authorContributionVariance":{"jianhandev":1.2607263,"Derek-Hardy":7854.67},"authorDisplayNameMap":{"jianhandev":"LI J..NHAN","Derek-Hardy":"ZHUA..NJIE"}}
