{"authorDailyContributionsMap":{"moziliar":[],"t-cheepeng":[],"kkangs0226":[],"ptvrajsk":[],"halfwhole":[],"dcshzj":[{"date":"2020-12-11","commitResults":[{"hash":"2c50ca6853932d9d677fea6f8ed7aff97502fa27","messageTitle":"Remove redundant line numbers from code blocks","messageBody":"","fileTypesAndContributionMap":{"mbdf":{"insertions":5,"deletions":5},"md":{"insertions":3,"deletions":3}}},{"hash":"435f855a235385c0368ec8c11489164a6d8ccf5b","messageTitle":"Update file names to be displayed in code block headings","messageBody":"","fileTypesAndContributionMap":{"mbdf":{"insertions":3,"deletions":6}}},{"hash":"c4d2aded2c5f415cca40923f7712dcc0d900c6de","messageTitle":"Capitalise disk drive filepaths","messageBody":"","fileTypesAndContributionMap":{"mbdf":{"insertions":4,"deletions":4},"md":{"insertions":1,"deletions":1}}}]}],"gerhean":[],"rolandyuwy":[],"HCY123902":[],"jianhandev":[],"Derek-Hardy":[],"daongochieu2810":[],"dingyuchen":[],"raysonkoh":[{"date":"2020-12-05","commitResults":[{"hash":"41df186a0dd3ecd2fa884d804c87aa081c8e09f4","messageTitle":"Fix inline code in dark mode when printing (#1404)","messageBody":"","fileTypesAndContributionMap":{"css":{"insertions":6,"deletions":1}}}]},{"date":"2020-12-08","commitResults":[{"hash":"ec1662a3f7d9de7c39b0b21cae65b0ffe479958d","messageTitle":"Mention NODE_VERSION requirement in Netlify setup (#1409)","messageBody":"","fileTypesAndContributionMap":{"md":{"insertions":2,"deletions":0}}}]},{"date":"2020-12-12","commitResults":[{"hash":"afed1e155794e2e0bef62ce9e4d563e5d06e53cf","messageTitle":"Add expand-headerless option to Panel component (#1417)","messageBody":"","fileTypesAndContributionMap":{"mbdf":{"insertions":12,"deletions":0},"js":{"insertions":69,"deletions":0}}}]},{"date":"2021-01-16","commitResults":[{"hash":"1b8e8b698f9359d88486afa2bd103455e63a9f93","messageTitle":"Extend variable data sources to .csv files (#1443)","messageBody":"","fileTypesAndContributionMap":{"mbdf":{"insertions":62,"deletions":3},"json":{"insertions":1,"deletions":0},"js":{"insertions":79,"deletions":8}}}]},{"date":"2021-01-24","commitResults":[{"hash":"9ab049b6148295519511c284be241d248f6cf184","messageTitle":"Add support for deploying to AppVeyor CI (#1453)","messageBody":"","fileTypesAndContributionMap":{"md":{"insertions":58,"deletions":6},"js":{"insertions":133,"deletions":89}}},{"hash":"0af6b87cc387f06daea033b75097db246e9fde50","messageTitle":"Update occurrences of --travis to --ci (#1458)","messageBody":"Build scripts and userGuide are still using markbind deploy --travis.\r\nAs of PR #1453, this has been changed to markbind deploy --ci.\r\n\r\nLet\u0027s update all occurrences of markbind deploy --travis.","fileTypesAndContributionMap":{"md":{"insertions":3,"deletions":3},"yml":{"insertions":2,"deletions":2}}}]},{"date":"2021-02-02","commitResults":[{"hash":"cafb4156e660c8d3d5420420a79a64740667aeb3","messageTitle":"Support deploying via Github Actions using deploy --ci command (#1460)","messageBody":"A Github Personal Access Token must be supplied as a\r\ncustom environmental variable in order to successfully deploy the\r\nsite via Travis CI and Appveyor.\r\n\r\nFor Github Actions, a default Github Token is\r\nautomatically generated for each Github Action job. The default Github\r\nToken has sufficient write permissions to the repo, and so it\r\ncan be used in place of the Github Personal Access Token. To\r\nincorporate the default Github Token, the deploy url has to use the\r\nfull url syntax of username:password.\r\n\r\nLet\u0027s update the deploy url to use x-access-token as the username, as\r\nper the official Github documentation.","fileTypesAndContributionMap":{"md":{"insertions":32,"deletions":2},"js":{"insertions":25,"deletions":5}}}]}],"teikjun":[],"wxwxwxwx9":[{"date":"2021-01-05","commitResults":[{"hash":"6db9e34356b26ac669ad2631f7157140371f0069","messageTitle":"Remove scroll-to-top button from print view (#1439)","messageBody":"It is unlikely that users would want the scroll-to-top button to\r\nbe visible in the printed version of the website.\r\n\r\nLet\u0027s enhance the scroll-to-top button feature by removing\r\nit from the printed version.","fileTypesAndContributionMap":{"js":{"insertions":1,"deletions":1}}},{"hash":"8ad3cfcdd75be9cd84b60b79568031e293efd284","messageTitle":"Rewrite panel transition for preview feature (#1430)","messageBody":"It is not easy to implement the panel preview feature with the existing\r\ntransition code in our panels due to the use of v-show.\r\n\r\nLet\u0027s rewrite some of the transition code and implement our own set\r\nof transition code to allow for more flexibility. This will allow a cleaner\r\nimplementation of the panel preview feature.","fileTypesAndContributionMap":{"js":{"insertions":89,"deletions":42}}}]},{"date":"2021-01-12","commitResults":[{"hash":"d81706a6c68b92a650568bf037d3de7f8f27cfdc","messageTitle":"Implement global disable intralink validation (#1428)","messageBody":"","fileTypesAndContributionMap":{"mbdf":{"insertions":13,"deletions":2},"md":{"insertions":20,"deletions":3},"js":{"insertions":15,"deletions":2}}}]},{"date":"2021-01-18","commitResults":[{"hash":"a0ad9250b00b5b0685b770c61b06af110c47bf83","messageTitle":"Implement peek feature for panels (#1425)","messageBody":"","fileTypesAndContributionMap":{"mbdf":{"insertions":21,"deletions":1},"js":{"insertions":15,"deletions":6}}}]},{"date":"2021-01-24","commitResults":[{"hash":"49fb1f9ff27baff5c7e72f2ac93665cad15a706e","messageTitle":"Implement Disqus plugin (#1449)","messageBody":"Users may want to allow readers to comment on content in the website.\r\nThis can be an important feature for educational websites as it enables\r\nbetter student interaction.\r\n\r\nLet\u0027s integrate Disqus into MarkBind to enable this commenting feature.","fileTypesAndContributionMap":{"mbdf":{"insertions":43,"deletions":0},"md":{"insertions":1,"deletions":0},"js":{"insertions":82,"deletions":0},"njk":{"insertions":3,"deletions":1}}}]},{"date":"2021-02-07","commitResults":[{"hash":"0f87b1582035449e012653cbfa5a3585ca48f1fd","messageTitle":"Fix node-processing bug from dropdown temporary placeholder (#1467)","messageBody":"Inserting the dropdown temporary placeholder before the dropdown itself\r\nintroduces a node processing bug, where nodes (e.g. panel) are not\r\nprocessed properly after dropdown. Furthermore, it generates a lot of\r\nduplicated dropdown temporary placeholders. This issue can be seen from\r\nthe test in test_site_algolia_expected.\r\n\r\nLet\u0027s insert the dropdown temporary placeholder after the dropdown node\r\nto circumvent this problem. Having it after the dropdown node will ensure\r\nthat the node processing is executed in a normal / fixed processing order.","fileTypesAndContributionMap":{"js":{"insertions":2,"deletions":2}}},{"hash":"ac4f25f5f59a64e26f276bc3e46bda02ff5d56ef","messageTitle":"Fix algolia selectors for no-indexing (#1468)","messageBody":"The algolia selectors are not selecting the correct elements to insert\r\nthe algolia-no-index class to exclude the element from indexing.\r\n\r\nLet\u0027s fix the algolia selectors by updating them to select the correct\r\nelements.","fileTypesAndContributionMap":{"md":{"insertions":7,"deletions":1},"js":{"insertions":4,"deletions":3}}}]}],"seanlowjk":[],"jonahtanjz":[{"date":"2021-01-18","commitResults":[{"hash":"719f46ca955e5552a5263b061bd34cf8cc032799","messageTitle":"Refactor Site.js to use async await (#1446)","messageBody":"","fileTypesAndContributionMap":{"js":{"insertions":315,"deletions":251}}}]},{"date":"2021-01-27","commitResults":[{"hash":"3c3f295fcfe2827a985720b768bdcefb364082df","messageTitle":"Add sub-menu support for dropdown (#1455)","messageBody":"","fileTypesAndContributionMap":{"mbdf":{"insertions":17,"deletions":0},"js":{"insertions":146,"deletions":0}}}]},{"date":"2021-01-30","commitResults":[{"hash":"606a1559fb0aff022485889b48f5de64f79f4843","messageTitle":"Enable linting for dropdown.vue (#1462)","messageBody":"Currently, stylelint is only enabled for css files. Vue components may\r\nalso contain \u003cstyle\u003e tags with valid css but these are not linted.\r\n\r\nLet\u0027s enable stylelint for .vue files as well.","fileTypesAndContributionMap":{"js":{"insertions":1,"deletions":1},"json":{"insertions":2,"deletions":2}}},{"hash":"804a1f4b7f39aecab910f14939b12ff4f38f10c4","messageTitle":"Fix minor bugs in submenu (#1463)","messageBody":"","fileTypesAndContributionMap":{"mbdf":{"insertions":1,"deletions":1}}}]},{"date":"2021-02-06","commitResults":[{"hash":"433ca98e499fb86c2e9701cca7d767b6e11e59df","messageTitle":"Make css with header height reactive","messageBody":"When header size is changed, the respective css\nrules that depend on the height of the header\nremain the same.\n\nLet\u0027s modify the css rules to change according to\nthe size of the header.\n","fileTypesAndContributionMap":{"js":{"insertions":34,"deletions":0}}},{"hash":"732c39d4446378885d410d47a3ece6664832ecb1","messageTitle":"Implement mobile site and page navigation menus","messageBody":"","fileTypesAndContributionMap":{"css":{"insertions":1,"deletions":1},"mbdf":{"insertions":26,"deletions":0},"js":{"insertions":108,"deletions":0}}}]}],"AdithyaNarayan":[],"ryoarmanda":[{"date":"2021-01-16","commitResults":[{"hash":"b036ac632ac95ee0c3ad96a4a52f79a718e9b020","messageTitle":"UG: Remove Markdown styling on plaintext codeblocks (#1447)","messageBody":"","fileTypesAndContributionMap":{"mbdf":{"insertions":2,"deletions":3}}}]},{"date":"2021-01-19","commitResults":[{"hash":"6c9c1629f8fa138e72396abb76c4a29499bffea5","messageTitle":"Fix include panel processor tests (#1452)","messageBody":"","fileTypesAndContributionMap":{"js":{"insertions":20,"deletions":55}}}]},{"date":"2021-01-20","commitResults":[{"hash":"1b52b6f1bc833f38bc3705c3388cbd2aba862542","messageTitle":"Add omitFrontmatter attribute to include (#1448)","messageBody":"Including a file combines the front matter of the file with the main\r\npage. When authors wish to include the full content of the file but not\r\nthe front matter, they have to make their whole content a segment as a\r\nwork around, making the content less concise.\r\n\r\nLet\u0027s add a new attribute to indicate whether the front matter data of\r\nthe included file should be omitted.","fileTypesAndContributionMap":{"mbdf":{"insertions":1,"deletions":0},"js":{"insertions":93,"deletions":6}}}]}]},"authorFileTypeContributionMap":{"moziliar":{"java":0,"js":0,"css":0,"json":0,"md":0,"mbd":0,"mbdf":0,"njk":0,"py":0,"yml":0},"t-cheepeng":{"java":0,"js":0,"css":0,"json":0,"md":0,"mbd":0,"mbdf":0,"njk":0,"py":0,"yml":0},"kkangs0226":{"java":0,"js":0,"css":0,"json":0,"md":0,"mbd":0,"mbdf":0,"njk":0,"py":0,"yml":0},"ptvrajsk":{"java":0,"js":0,"css":0,"json":0,"md":0,"mbd":0,"mbdf":0,"njk":0,"py":0,"yml":0},"halfwhole":{"java":0,"js":0,"css":0,"json":0,"md":0,"mbd":0,"mbdf":0,"njk":0,"py":0,"yml":0},"dcshzj":{"java":0,"js":0,"css":0,"json":0,"md":4,"mbd":0,"mbdf":11,"njk":0,"py":0,"yml":0},"gerhean":{"java":0,"js":0,"css":0,"json":0,"md":0,"mbd":0,"mbdf":0,"njk":0,"py":0,"yml":0},"rolandyuwy":{"java":0,"js":0,"css":0,"json":0,"md":0,"mbd":0,"mbdf":0,"njk":0,"py":0,"yml":0},"HCY123902":{"java":0,"js":0,"css":0,"json":0,"md":0,"mbd":0,"mbdf":0,"njk":0,"py":0,"yml":0},"jianhandev":{"java":0,"js":0,"css":0,"json":0,"md":0,"mbd":0,"mbdf":0,"njk":0,"py":0,"yml":0},"Derek-Hardy":{"java":0,"js":0,"css":0,"json":0,"md":0,"mbd":0,"mbdf":0,"njk":0,"py":0,"yml":0},"daongochieu2810":{"java":0,"js":0,"css":0,"json":0,"md":0,"mbd":0,"mbdf":0,"njk":0,"py":0,"yml":0},"dingyuchen":{"java":0,"js":0,"css":0,"json":0,"md":0,"mbd":0,"mbdf":0,"njk":0,"py":0,"yml":0},"raysonkoh":{"java":0,"js":253,"css":6,"json":1,"md":92,"mbd":0,"mbdf":46,"njk":0,"py":0,"yml":2},"teikjun":{"java":0,"js":0,"css":0,"json":0,"md":0,"mbd":0,"mbdf":0,"njk":0,"py":0,"yml":0},"wxwxwxwx9":{"java":0,"js":197,"css":0,"json":0,"md":28,"mbd":0,"mbdf":76,"njk":3,"py":0,"yml":0},"seanlowjk":{"java":0,"js":0,"css":0,"json":0,"md":0,"mbd":0,"mbdf":0,"njk":0,"py":0,"yml":0},"jonahtanjz":{"java":0,"js":520,"css":1,"json":2,"md":0,"mbd":0,"mbdf":43,"njk":0,"py":0,"yml":0},"AdithyaNarayan":{"java":0,"js":0,"css":0,"json":0,"md":0,"mbd":0,"mbdf":0,"njk":0,"py":0,"yml":0},"ryoarmanda":{"java":0,"js":113,"css":0,"json":0,"md":0,"mbd":0,"mbdf":2,"njk":0,"py":0,"yml":0}},"authorContributionVariance":{"moziliar":0.0,"t-cheepeng":0.0,"kkangs0226":0.0,"ptvrajsk":0.0,"halfwhole":0.0,"dcshzj":17.496344,"gerhean":0.0,"rolandyuwy":0.0,"HCY123902":0.0,"jianhandev":0.0,"Derek-Hardy":0.0,"daongochieu2810":0.0,"dingyuchen":0.0,"raysonkoh":1687.9036,"teikjun":0.0,"wxwxwxwx9":546.8294,"seanlowjk":0.0,"jonahtanjz":5274.876,"AdithyaNarayan":0.0,"ryoarmanda":220.0064},"authorDisplayNameMap":{"moziliar":"MO Z..GRAN","t-cheepeng":"TAN ..PENG","kkangs0226":"KANG.. MIN","ptvrajsk":"PRIT..UMAR","halfwhole":"LIM .. WEI","dcshzj":"HSU .. JUN","gerhean":"CHAN..HEAN","rolandyuwy":"ROLA..YANG","HCY123902":"HUAN..NGYU","jianhandev":"LI J..NHAN","Derek-Hardy":"ZHUA..NJIE","daongochieu2810":"DAO ..HIEU","dingyuchen":"DING..CHEN","raysonkoh":"KOH ..YSON","teikjun":"TAN .. JUN","wxwxwxwx9":"ONG ..IANG","seanlowjk":"LOW ..SEAN","jonahtanjz":"JONA..N ZI","AdithyaNarayan":"ADIT..ASAN","ryoarmanda":"RYO ..ANDA"}}
