{"authorDailyContributionsMap":{"moziliar":[],"t-cheepeng":[],"kkangs0226":[],"ptvrajsk":[],"halfwhole":[],"dcshzj":[{"date":"2020-12-11","commitResults":[{"hash":"2c50ca6853932d9d677fea6f8ed7aff97502fa27","messageTitle":"Remove redundant line numbers from code blocks","messageBody":"","fileTypesAndContributionMap":{"mbdf":{"insertions":5,"deletions":5},"md":{"insertions":3,"deletions":3}}},{"hash":"435f855a235385c0368ec8c11489164a6d8ccf5b","messageTitle":"Update file names to be displayed in code block headings","messageBody":"","fileTypesAndContributionMap":{"mbdf":{"insertions":3,"deletions":6}}},{"hash":"c4d2aded2c5f415cca40923f7712dcc0d900c6de","messageTitle":"Capitalise disk drive filepaths","messageBody":"","fileTypesAndContributionMap":{"mbdf":{"insertions":4,"deletions":4},"md":{"insertions":1,"deletions":1}}}]}],"gerhean":[],"rolandyuwy":[],"HCY123902":[],"jianhandev":[],"Derek-Hardy":[],"daongochieu2810":[{"date":"2020-12-13","commitResults":[{"hash":"5afec367bfe8f0bd0cc6a0a54177f30f79bbd7e2","messageTitle":"Tweak seamless box style for headers (#1415)","messageBody":"","fileTypesAndContributionMap":{"vue":{"insertions":92,"deletions":69}}}]}],"dingyuchen":[],"raysonkoh":[{"date":"2020-12-05","commitResults":[{"hash":"41df186a0dd3ecd2fa884d804c87aa081c8e09f4","messageTitle":"Fix inline code in dark mode when printing (#1404)","messageBody":"","fileTypesAndContributionMap":{"css":{"insertions":6,"deletions":1}}}]},{"date":"2020-12-08","commitResults":[{"hash":"ec1662a3f7d9de7c39b0b21cae65b0ffe479958d","messageTitle":"Mention NODE_VERSION requirement in Netlify setup (#1409)","messageBody":"","fileTypesAndContributionMap":{"md":{"insertions":2,"deletions":0}}}]},{"date":"2020-12-12","commitResults":[{"hash":"afed1e155794e2e0bef62ce9e4d563e5d06e53cf","messageTitle":"Add expand-headerless option to Panel component (#1417)","messageBody":"","fileTypesAndContributionMap":{"mbdf":{"insertions":12,"deletions":0},"vue":{"insertions":10,"deletions":1},"js":{"insertions":69,"deletions":0}}}]},{"date":"2021-01-16","commitResults":[{"hash":"1b8e8b698f9359d88486afa2bd103455e63a9f93","messageTitle":"Extend variable data sources to .csv files (#1443)","messageBody":"","fileTypesAndContributionMap":{"mbdf":{"insertions":62,"deletions":3},"json":{"insertions":1,"deletions":0},"js":{"insertions":79,"deletions":8}}}]},{"date":"2021-01-20","commitResults":[{"hash":"9f69b022fe0f78756797fe0ae338fe4cba54f0b5","messageTitle":"Add fix for dropdown not showing in themes (#1451)","messageBody":"","fileTypesAndContributionMap":{"vue":{"insertions":2,"deletions":0}}}]},{"date":"2021-01-24","commitResults":[{"hash":"9ab049b6148295519511c284be241d248f6cf184","messageTitle":"Add support for deploying to AppVeyor CI (#1453)","messageBody":"","fileTypesAndContributionMap":{"md":{"insertions":58,"deletions":6},"js":{"insertions":133,"deletions":89}}},{"hash":"0af6b87cc387f06daea033b75097db246e9fde50","messageTitle":"Update occurrences of --travis to --ci (#1458)","messageBody":"Build scripts and userGuide are still using markbind deploy --travis.\r\nAs of PR #1453, this has been changed to markbind deploy --ci.\r\n\r\nLet\u0027s update all occurrences of markbind deploy --travis.","fileTypesAndContributionMap":{"md":{"insertions":3,"deletions":3},"yml":{"insertions":2,"deletions":2}}}]},{"date":"2021-02-02","commitResults":[{"hash":"cafb4156e660c8d3d5420420a79a64740667aeb3","messageTitle":"Support deploying via Github Actions using deploy --ci command (#1460)","messageBody":"A Github Personal Access Token must be supplied as a\r\ncustom environmental variable in order to successfully deploy the\r\nsite via Travis CI and Appveyor.\r\n\r\nFor Github Actions, a default Github Token is\r\nautomatically generated for each Github Action job. The default Github\r\nToken has sufficient write permissions to the repo, and so it\r\ncan be used in place of the Github Personal Access Token. To\r\nincorporate the default Github Token, the deploy url has to use the\r\nfull url syntax of username:password.\r\n\r\nLet\u0027s update the deploy url to use x-access-token as the username, as\r\nper the official Github documentation.","fileTypesAndContributionMap":{"md":{"insertions":32,"deletions":2},"js":{"insertions":25,"deletions":5}}}]},{"date":"2021-02-13","commitResults":[{"hash":"9f7c4acf938ccb0d925db2365181d6bd5f055826","messageTitle":"Support deploying to gh-pages via CircleCI (#1471)","messageBody":"As the markbind deploy --ci command would push a commit to the gh-pages\r\nrepo, it might unintentionally trigger a CI build.\r\n\r\nLet\u0027s insert a [skip ci] directive into the commit message, which\r\ninstructs the CI services to ignore that commit and thus prevent it\r\nfrom unintentionally triggering a CI build.","fileTypesAndContributionMap":{"md":{"insertions":52,"deletions":6},"js":{"insertions":61,"deletions":33}}}]},{"date":"2021-02-26","commitResults":[{"hash":"1873baf66157ea2de0b1361fca3591cddabfbbd1","messageTitle":"Reorganize deploying the site page (#1489)","messageBody":"","fileTypesAndContributionMap":{"md":{"insertions":166,"deletions":115}}}]},{"date":"2021-03-07","commitResults":[{"hash":"03cd39dfbc8942f2a297adefb0e26fe853db717a","messageTitle":"Add minor polishes to the userGuide (#1497)","messageBody":"","fileTypesAndContributionMap":{"mbdf":{"insertions":11,"deletions":0},"md":{"insertions":2,"deletions":2}}}]},{"date":"2021-03-08","commitResults":[{"hash":"1ecbf9a2cf9a268516d60e6f7e30e52bb2dd74e1","messageTitle":"Add support for PR previews using Surge (#1487)","messageBody":"Netlify\u0027s deploy preview feature may not be suitable for certain\r\nMarkbind users due to its limited build minutes.\r\n\r\nExpanding support for PR previews via Surge would cater to such\r\nusers due to its unlimited build minutes.\r\n\r\nLet\u0027s add instructions in the userGuide for setting up PR\r\npreviews with Surge.","fileTypesAndContributionMap":{"md":{"insertions":169,"deletions":1}}}]},{"date":"2021-03-25","commitResults":[{"hash":"6d2f7cd4ef85b47f6b69ce361e23de7cb98e355d","messageTitle":"NodeProcessor refactor: split into separate files (#1515)","messageBody":"","fileTypesAndContributionMap":{"js":{"insertions":700,"deletions":593}}}]}],"teikjun":[],"wxwxwxwx9":[{"date":"2021-01-05","commitResults":[{"hash":"6db9e34356b26ac669ad2631f7157140371f0069","messageTitle":"Remove scroll-to-top button from print view (#1439)","messageBody":"It is unlikely that users would want the scroll-to-top button to\r\nbe visible in the printed version of the website.\r\n\r\nLet\u0027s enhance the scroll-to-top button feature by removing\r\nit from the printed version.","fileTypesAndContributionMap":{"js":{"insertions":1,"deletions":1}}},{"hash":"8ad3cfcdd75be9cd84b60b79568031e293efd284","messageTitle":"Rewrite panel transition for preview feature (#1430)","messageBody":"It is not easy to implement the panel preview feature with the existing\r\ntransition code in our panels due to the use of v-show.\r\n\r\nLet\u0027s rewrite some of the transition code and implement our own set\r\nof transition code to allow for more flexibility. This will allow a cleaner\r\nimplementation of the panel preview feature.","fileTypesAndContributionMap":{"vue":{"insertions":64,"deletions":58},"js":{"insertions":89,"deletions":42}}}]},{"date":"2021-01-12","commitResults":[{"hash":"d81706a6c68b92a650568bf037d3de7f8f27cfdc","messageTitle":"Implement global disable intralink validation (#1428)","messageBody":"","fileTypesAndContributionMap":{"mbdf":{"insertions":13,"deletions":2},"md":{"insertions":20,"deletions":3},"js":{"insertions":15,"deletions":2}}}]},{"date":"2021-01-18","commitResults":[{"hash":"a0ad9250b00b5b0685b770c61b06af110c47bf83","messageTitle":"Implement peek feature for panels (#1425)","messageBody":"","fileTypesAndContributionMap":{"mbdf":{"insertions":21,"deletions":1},"vue":{"insertions":71,"deletions":1},"js":{"insertions":15,"deletions":6}}}]},{"date":"2021-01-24","commitResults":[{"hash":"49fb1f9ff27baff5c7e72f2ac93665cad15a706e","messageTitle":"Implement Disqus plugin (#1449)","messageBody":"Users may want to allow readers to comment on content in the website.\r\nThis can be an important feature for educational websites as it enables\r\nbetter student interaction.\r\n\r\nLet\u0027s integrate Disqus into MarkBind to enable this commenting feature.","fileTypesAndContributionMap":{"mbdf":{"insertions":43,"deletions":0},"md":{"insertions":1,"deletions":0},"js":{"insertions":82,"deletions":0},"njk":{"insertions":3,"deletions":1}}}]},{"date":"2021-02-07","commitResults":[{"hash":"0f87b1582035449e012653cbfa5a3585ca48f1fd","messageTitle":"Fix node-processing bug from dropdown temporary placeholder (#1467)","messageBody":"Inserting the dropdown temporary placeholder before the dropdown itself\r\nintroduces a node processing bug, where nodes (e.g. panel) are not\r\nprocessed properly after dropdown. Furthermore, it generates a lot of\r\nduplicated dropdown temporary placeholders. This issue can be seen from\r\nthe test in test_site_algolia_expected.\r\n\r\nLet\u0027s insert the dropdown temporary placeholder after the dropdown node\r\nto circumvent this problem. Having it after the dropdown node will ensure\r\nthat the node processing is executed in a normal / fixed processing order.","fileTypesAndContributionMap":{"js":{"insertions":2,"deletions":2}}},{"hash":"ac4f25f5f59a64e26f276bc3e46bda02ff5d56ef","messageTitle":"Fix algolia selectors for no-indexing (#1468)","messageBody":"The algolia selectors are not selecting the correct elements to insert\r\nthe algolia-no-index class to exclude the element from indexing.\r\n\r\nLet\u0027s fix the algolia selectors by updating them to select the correct\r\nelements.","fileTypesAndContributionMap":{"md":{"insertions":7,"deletions":1},"js":{"insertions":4,"deletions":3}}}]},{"date":"2021-02-09","commitResults":[{"hash":"c417d681f3744ad92db6fb21faa0a731d1523eb3","messageTitle":"Update deprecated Vue slot syntax (#1464)","messageBody":"Our internal Vue slot syntax are deprecated according to official\r\nVue documentation. To ensure our codebase is up-to-date, let\u0027s\r\nconvert all the deprecated syntax to the latest Vue slot shorthand\r\nsyntax that was introduced in version 2.6.0.\r\n\r\nWe will still support the old slot syntax for backward compability,\r\nby processing and converting the old slot syntax to the new\r\nshorthand syntax.\r\n\r\nExternally, users will be able to use the latest shorthand syntax for\r\nslots as well, as our processing targets the latest shorthand syntax.","fileTypesAndContributionMap":{"md":{"insertions":17,"deletions":2},"vue":{"insertions":3,"deletions":3},"js":{"insertions":172,"deletions":71}}}]},{"date":"2021-02-11","commitResults":[{"hash":"6b48188cb1fa892f59f82f1fabae09fd600e0e66","messageTitle":"Implement Markdown rules for bigger / smaller text (#1473)","messageBody":"There is no easy way for users to increase or decrease their text size.\r\n\r\nLet\u0027s deprecate ++ for underline and use $$ to represent it instead.\r\nIn turn, let\u0027s use ++ to represent larger text and -- to represent\r\nsmaller text.","fileTypesAndContributionMap":{"css":{"insertions":12,"deletions":0},"mbdf":{"insertions":6,"deletions":6},"md":{"insertions":4,"deletions":4},"json":{"insertions":0,"deletions":1},"js":{"insertions":176,"deletions":127}}}]},{"date":"2021-02-23","commitResults":[{"hash":"d63e9c345af77fbef22a298b907e356687f1cc0a","messageTitle":"Remove shorthand slot syntax from documentation (#1483)","messageBody":"Using # in attribute name is illegal according to the CommonMark\r\nspecification (v0.29). To comply with the specification, we should not\r\nsupport the intended shorthand slot syntax.\r\n\r\nLet\u0027s remove the shorthand slot syntax from our user guide.","fileTypesAndContributionMap":{"md":{"insertions":2,"deletions":17}}}]},{"date":"2021-02-24","commitResults":[{"hash":"a3bbc0511249921962e2baf0d4fc0d9a46cc20e1","messageTitle":"Update slot syntax for PageNavButton and SiteNavButton (#1484)","messageBody":"PageNavButton and SiteNavButton are using deprecated Vue slot syntax.\r\n\r\nLet\u0027s update the syntax to the latest Vue v2.6 shorthand slot syntax.","fileTypesAndContributionMap":{"vue":{"insertions":6,"deletions":2}}}]},{"date":"2021-03-06","commitResults":[{"hash":"053353c5bfe02e9b8efb93e8594fae56eaec5319","messageTitle":"Fix escaped html characters in search result (#1501)","messageBody":"Certain html characters are automatically escaped for\r\nsecurity reasons. However, it is not needed in our context\r\nas the html is supplied by the user.\r\n\r\nLet\u0027s prevent html characters from getting escaped so as\r\nto render the html correctly.","fileTypesAndContributionMap":{"vue":{"insertions":1,"deletions":1}}}]},{"date":"2021-03-08","commitResults":[{"hash":"640d18be106b5ca8b0b6ab0a60a21b3d19139b67","messageTitle":"Update header slots for Vue components (#1502)","messageBody":"There aren\u0027t many benefits from having internal _header slots.\r\nFurthermore, it is causing a minor bug in box header slot.\r\n\r\nLet\u0027s convert them to just header for conciseness and to prevent\r\nrelated bugs in the future.","fileTypesAndContributionMap":{"vue":{"insertions":7,"deletions":13},"js":{"insertions":39,"deletions":40}}},{"hash":"341c3c597957a1f75b3b8f949a94d2be4cf5d5f6","messageTitle":"Update intralink auto-conversion for links with URL fragment (#1493)","messageBody":"The intralink auto-conversion function does not account for links which\r\nhave URL fragment.\r\n\r\nLet\u0027s update it to convert links with URL fragment as well.","fileTypesAndContributionMap":{"js":{"insertions":50,"deletions":8}}}]},{"date":"2021-03-10","commitResults":[{"hash":"2b3c3f2c1713aa0995504b9505af75ff106892ed","messageTitle":"Update underline syntax from $$ to !! (#1509)","messageBody":"Using $$ syntax for underlining makes it harder for users to adopt\r\nMarkBind for their existing documents, as some form of transformation\r\nis needed for existing latex math using $$ delimiters.\r\n\r\nLet\u0027s transition to using !! syntax for underlining instead.","fileTypesAndContributionMap":{"mbdf":{"insertions":6,"deletions":6},"md":{"insertions":3,"deletions":3},"js":{"insertions":2,"deletions":2}}}]},{"date":"2021-03-19","commitResults":[{"hash":"9d073841062e10c5aa81c18202eacbdf415ef79f","messageTitle":"Fix no-conversion syntax for intralink in user guide (#1494)","messageBody":"","fileTypesAndContributionMap":{"mbdf":{"insertions":1,"deletions":1}}}]},{"date":"2021-03-20","commitResults":[{"hash":"8b317c4986fb5328a867fd0daa08045b2287e97e","messageTitle":"Compile Vue Page at build time to alleviate FOUC (#1512)","messageBody":"Compiling each Vue page in the browser may be expensive as it is\r\npossible for a page to get very large in size. This creates the problem\r\nof flash-of-unstyled-content (FOUC) for the user which is unsightly\r\nand may affect user experience. Although there are temporary styles\r\nin place to tackle the problem, the FOUC problem largely remains.\r\n\r\nLet\u0027s compile every Vue page during build time to alleviate FOUC.","fileTypesAndContributionMap":{"js":{"insertions":1422,"deletions":10},"json":{"insertions":1,"deletions":0},"njk":{"insertions":1,"deletions":0}}}]},{"date":"2021-04-05","commitResults":[{"hash":"3f2d38be771afb981fa862a87142ee5bb87ca0fe","messageTitle":"Change all $slots to $scopedSlots (#1535)","messageBody":"With the update to the deprecated slot syntax in #1464, the $slots\r\nsyntax does not work as it used to anymore, possibly due to the\r\ninternal changes for slot syntax in Vue. To be specific, named slots\r\nwill always disappear from $slots upon re-rendering but will always\r\nbe present in $scopedSlots. This causes named slot content to\r\ndisappear from Vue components upon any re-rendering.\r\n\r\nLet\u0027s change all $slots syntax to $scopedSlots to prevent slot contents\r\nfrom disappearing.","fileTypesAndContributionMap":{"vue":{"insertions":19,"deletions":19},"js":{"insertions":1,"deletions":1}}}]}],"seanlowjk":[],"jonahtanjz":[{"date":"2020-12-12","commitResults":[{"hash":"dc9267cf45cdcab23545de4056b10591b3927ba6","messageTitle":"Extend navbar highlighting to standard links and dropdowns (#1414)","messageBody":"","fileTypesAndContributionMap":{"vue":{"insertions":18,"deletions":2}}}]},{"date":"2021-01-18","commitResults":[{"hash":"719f46ca955e5552a5263b061bd34cf8cc032799","messageTitle":"Refactor Site.js to use async await (#1446)","messageBody":"","fileTypesAndContributionMap":{"js":{"insertions":315,"deletions":251}}}]},{"date":"2021-01-27","commitResults":[{"hash":"3c3f295fcfe2827a985720b768bdcefb364082df","messageTitle":"Add sub-menu support for dropdown (#1455)","messageBody":"","fileTypesAndContributionMap":{"mbdf":{"insertions":17,"deletions":0},"vue":{"insertions":209,"deletions":10},"js":{"insertions":146,"deletions":0}}}]},{"date":"2021-01-30","commitResults":[{"hash":"606a1559fb0aff022485889b48f5de64f79f4843","messageTitle":"Enable linting for dropdown.vue (#1462)","messageBody":"Currently, stylelint is only enabled for css files. Vue components may\r\nalso contain \u003cstyle\u003e tags with valid css but these are not linted.\r\n\r\nLet\u0027s enable stylelint for .vue files as well.","fileTypesAndContributionMap":{"vue":{"insertions":95,"deletions":83},"js":{"insertions":1,"deletions":1},"json":{"insertions":2,"deletions":2}}},{"hash":"804a1f4b7f39aecab910f14939b12ff4f38f10c4","messageTitle":"Fix minor bugs in submenu (#1463)","messageBody":"","fileTypesAndContributionMap":{"mbdf":{"insertions":1,"deletions":1},"vue":{"insertions":1,"deletions":1}}}]},{"date":"2021-02-06","commitResults":[{"hash":"433ca98e499fb86c2e9701cca7d767b6e11e59df","messageTitle":"Make css with header height reactive","messageBody":"When header size is changed, the respective css\nrules that depend on the height of the header\nremain the same.\n\nLet\u0027s modify the css rules to change according to\nthe size of the header.\n","fileTypesAndContributionMap":{"js":{"insertions":34,"deletions":0}}},{"hash":"732c39d4446378885d410d47a3ece6664832ecb1","messageTitle":"Implement mobile site and page navigation menus","messageBody":"","fileTypesAndContributionMap":{"css":{"insertions":1,"deletions":1},"mbdf":{"insertions":26,"deletions":0},"vue":{"insertions":311,"deletions":24},"js":{"insertions":108,"deletions":0}}}]},{"date":"2021-02-14","commitResults":[{"hash":"adc6f82fb90558183e0f4ddbc198e938d40e9c18","messageTitle":"Implement fixed header toggling on scroll (#1474)","messageBody":"","fileTypesAndContributionMap":{"css":{"insertions":7,"deletions":0},"vue":{"insertions":7,"deletions":1},"js":{"insertions":64,"deletions":29}}}]},{"date":"2021-02-23","commitResults":[{"hash":"e1e090f35115890a1c5a5837a73fc8b452df42bf","messageTitle":"Eslint and stylelint all .vue files (#1482)","messageBody":"Currently, most .vue files are ignored during the linting checks.\r\n\r\nSince these files are frequently modified, we should validate\r\nthem in our ci tests to ensure they follow eslint rules. Furthermore,\r\n.vue files can contain raw css, which may be run through stylelint.\r\n\r\nLet\u0027s eslint and stylelint all .vue files so that they can be validated\r\nas well.","fileTypesAndContributionMap":{"vue":{"insertions":680,"deletions":634}}}]},{"date":"2021-02-24","commitResults":[{"hash":"578153063c8cdd97e276b63aee1655a3999c02d8","messageTitle":"Update Navbar.vue snapshot test (#1488)","messageBody":"The brand content in the snapshot test is not\r\ninserted correctly into the designated slot.\r\n\r\nLet\u0027s fix this by shifting the brand content into the brand slot.","fileTypesAndContributionMap":{"js":{"insertions":8,"deletions":4}}}]},{"date":"2021-03-06","commitResults":[{"hash":"2a5e5421a1a299e7d0219e8024a77ef4fdf9ba8e","messageTitle":"Support printing of all tabs (#1498)","messageBody":"Tabs are supposed to contain alternative contents.\r\nReaders can click on each tab to see its content. However,\r\nwhen a page is printed or converted to PDF, the reader can\r\nonly see the content of the active tab.\r\n\r\nLet\u0027s display all the tabs and its content when it is printed.","fileTypesAndContributionMap":{"vue":{"insertions":48,"deletions":9}}}]},{"date":"2021-03-10","commitResults":[{"hash":"c640cc10dcc8fb3fbfc575243212ddca02ac35d7","messageTitle":"Remove transition wrapper in Tab.vue (#1508)","messageBody":"The transition wrapper is causing tabs to have \"jumpy\"\r\nrendering when switching between them. Since tabs do\r\nnot have transition effect, we can remove the wrapper.\r\n\r\nLet\u0027s remove the transition wrapper to fix the rendering issue.","fileTypesAndContributionMap":{"vue":{"insertions":12,"deletions":25}}}]},{"date":"2021-03-12","commitResults":[{"hash":"03f093504295ea31e714ae0c6beff9150f51ff1a","messageTitle":"Fix incorrect dropdown header color (#1511)","messageBody":"Setting the color to inherit for all dropdown headers\r\nwill override the default color of button.scss. This css rule\r\nis needed for dropdown headers in the navbar to have a\r\ndifferent color from the background.\r\n\r\nLet\u0027s change this css rule to only target dropdowns in the\r\nnavbar instead.","fileTypesAndContributionMap":{"vue":{"insertions":3,"deletions":0}}}]},{"date":"2021-03-21","commitResults":[{"hash":"8c2195e77a25fece682ee53cc6d16c62cb078b86","messageTitle":"Implement live preview for pages in site.json (#1514)","messageBody":"When pages are added or removed from site.json, the respective\r\ngenerated pages are not built or removed from the live preview.\r\nSimilarly, edited pages\u0027 attributes are not reflected as well. A server\r\nreboot is necessary to display the new changes.\r\n\r\nLet\u0027s support live preview for pages in site.json so that the user\r\ndoes not have to restart the server each time page properties\r\nare edited.","fileTypesAndContributionMap":{"js":{"insertions":64,"deletions":2}}}]},{"date":"2021-04-02","commitResults":[{"hash":"5c826ce0c447e86137534a64be3c048acc5754c1","messageTitle":"Fix intrasiteLinkValidation code block (#1527)","messageBody":"","fileTypesAndContributionMap":{"md":{"insertions":1,"deletions":0}}}]}],"AdithyaNarayan":[],"ryoarmanda":[{"date":"2021-01-16","commitResults":[{"hash":"b036ac632ac95ee0c3ad96a4a52f79a718e9b020","messageTitle":"UG: Remove Markdown styling on plaintext codeblocks (#1447)","messageBody":"","fileTypesAndContributionMap":{"mbdf":{"insertions":2,"deletions":3}}}]},{"date":"2021-01-19","commitResults":[{"hash":"6c9c1629f8fa138e72396abb76c4a29499bffea5","messageTitle":"Fix include panel processor tests (#1452)","messageBody":"","fileTypesAndContributionMap":{"js":{"insertions":20,"deletions":55}}}]},{"date":"2021-01-20","commitResults":[{"hash":"1b52b6f1bc833f38bc3705c3388cbd2aba862542","messageTitle":"Add omitFrontmatter attribute to include (#1448)","messageBody":"Including a file combines the front matter of the file with the main\r\npage. When authors wish to include the full content of the file but not\r\nthe front matter, they have to make their whole content a segment as a\r\nwork around, making the content less concise.\r\n\r\nLet\u0027s add a new attribute to indicate whether the front matter data of\r\nthe included file should be omitted.","fileTypesAndContributionMap":{"mbdf":{"insertions":1,"deletions":0},"js":{"insertions":93,"deletions":6}}}]},{"date":"2021-02-01","commitResults":[{"hash":"8d6356ecde313fe51b88dd1b0f392c2398767e22","messageTitle":"Add animation to non-minimal panel open button (#1465)","messageBody":"","fileTypesAndContributionMap":{"vue":{"insertions":9,"deletions":1}}}]},{"date":"2021-02-11","commitResults":[{"hash":"d0acc68ab7b332f1e1b43b23ad769e999d12c315","messageTitle":"Restyle minimal panel header to full opacity (#1469)","messageBody":"","fileTypesAndContributionMap":{"vue":{"insertions":5,"deletions":15}}}]},{"date":"2021-02-28","commitResults":[{"hash":"619f4575ea7c802898b9266e8c97880e934f9719","messageTitle":"Code blocks: Support partial text highlighting (#1478)","messageBody":"The code blocks line highlighting functionality only supports full-text\r\nand full-line highlights. Authors who wish to only highlight certain\r\nwords or key variables are not able to do so with the supported syntax.\r\n\r\nLet\u0027s add a new highlight syntax to provide authors with the ability to\r\npartially highlight text in a line.","fileTypesAndContributionMap":{"mbdf":{"insertions":40,"deletions":19},"md":{"insertions":52,"deletions":2},"js":{"insertions":433,"deletions":63}}}]},{"date":"2021-03-21","commitResults":[{"hash":"6537257b302d76eb9feaf60e9a60f8b8e1ea4bda","messageTitle":"Lazy serve: Track opened pages for dependency changes (#1513)","messageBody":"The lazy serve option tracks only the last visited page for changes\r\nin its dependencies. Users editing multiple files must manually\r\nreload each page to keep the browser synchronized with the content.\r\n\r\nLet\u0027s track the opened pages instead, and rebuild them when any of\r\nits dependencies have changed.","fileTypesAndContributionMap":{"md":{"insertions":1,"deletions":1},"js":{"insertions":598,"deletions":17},"json":{"insertions":1,"deletions":1}}}]},{"date":"2021-04-02","commitResults":[{"hash":"0ff31f682380042bca7b5fea4005bf869277b368","messageTitle":"Lazy serve: fix untracked tab bug on backwards navigation (#1522)","messageBody":"","fileTypesAndContributionMap":{"js":{"insertions":14,"deletions":29}}},{"hash":"feb60fdf7eb3c5f0c4abb0559490be45856aa456","messageTitle":"Lazy serve: Fix improper handling of incomplete active urls (#1532)","messageBody":"","fileTypesAndContributionMap":{"js":{"insertions":12,"deletions":3}}}]}]},"authorFileTypeContributionMap":{"moziliar":{"java":0,"js":0,"css":0,"json":0,"md":0,"mbd":0,"mbdf":0,"njk":0,"py":0,"vue":0,"yml":0},"t-cheepeng":{"java":0,"js":0,"css":0,"json":0,"md":0,"mbd":0,"mbdf":0,"njk":0,"py":0,"vue":0,"yml":0},"kkangs0226":{"java":0,"js":0,"css":0,"json":0,"md":0,"mbd":0,"mbdf":0,"njk":0,"py":0,"vue":0,"yml":0},"ptvrajsk":{"java":0,"js":0,"css":0,"json":0,"md":0,"mbd":0,"mbdf":0,"njk":0,"py":0,"vue":0,"yml":0},"halfwhole":{"java":0,"js":0,"css":0,"json":0,"md":0,"mbd":0,"mbdf":0,"njk":0,"py":0,"vue":0,"yml":0},"dcshzj":{"java":0,"js":0,"css":0,"json":0,"md":2,"mbd":0,"mbdf":11,"njk":0,"py":0,"vue":0,"yml":0},"gerhean":{"java":0,"js":0,"css":0,"json":0,"md":0,"mbd":0,"mbdf":0,"njk":0,"py":0,"vue":0,"yml":0},"rolandyuwy":{"java":0,"js":0,"css":0,"json":0,"md":0,"mbd":0,"mbdf":0,"njk":0,"py":0,"vue":0,"yml":0},"HCY123902":{"java":0,"js":0,"css":0,"json":0,"md":0,"mbd":0,"mbdf":0,"njk":0,"py":0,"vue":0,"yml":0},"jianhandev":{"java":0,"js":0,"css":0,"json":0,"md":0,"mbd":0,"mbdf":0,"njk":0,"py":0,"vue":0,"yml":0},"Derek-Hardy":{"java":0,"js":0,"css":0,"json":0,"md":0,"mbd":0,"mbdf":0,"njk":0,"py":0,"vue":0,"yml":0},"daongochieu2810":{"java":0,"js":0,"css":0,"json":0,"md":0,"mbd":0,"mbdf":0,"njk":0,"py":0,"vue":26,"yml":0},"dingyuchen":{"java":0,"js":0,"css":0,"json":0,"md":0,"mbd":0,"mbdf":0,"njk":0,"py":0,"vue":0,"yml":0},"raysonkoh":{"java":0,"js":985,"css":6,"json":1,"md":391,"mbd":0,"mbdf":57,"njk":0,"py":0,"vue":12,"yml":2},"teikjun":{"java":0,"js":0,"css":0,"json":0,"md":0,"mbd":0,"mbdf":0,"njk":0,"py":0,"vue":0,"yml":0},"wxwxwxwx9":{"java":0,"js":1929,"css":6,"json":1,"md":32,"mbd":0,"mbdf":82,"njk":4,"py":0,"vue":127,"yml":0},"seanlowjk":{"java":0,"js":0,"css":0,"json":0,"md":0,"mbd":0,"mbdf":0,"njk":0,"py":0,"vue":0,"yml":0},"jonahtanjz":{"java":0,"js":614,"css":6,"json":2,"md":1,"mbd":0,"mbdf":43,"njk":0,"py":0,"vue":758,"yml":0},"AdithyaNarayan":{"java":0,"js":0,"css":0,"json":0,"md":0,"mbd":0,"mbdf":0,"njk":0,"py":0,"vue":0,"yml":0},"ryoarmanda":{"java":0,"js":1120,"css":0,"json":1,"md":45,"mbd":0,"mbdf":41,"njk":0,"py":0,"vue":14,"yml":0}},"authorContributionVariance":{"moziliar":0.0,"t-cheepeng":0.0,"kkangs0226":0.0,"ptvrajsk":0.0,"halfwhole":0.0,"dcshzj":9.645051,"gerhean":0.0,"rolandyuwy":0.0,"HCY123902":0.0,"jianhandev":0.0,"Derek-Hardy":0.0,"daongochieu2810":204.08961,"dingyuchen":0.0,"raysonkoh":14888.895,"teikjun":0.0,"wxwxwxwx9":18268.021,"seanlowjk":0.0,"jonahtanjz":19207.48,"AdithyaNarayan":0.0,"ryoarmanda":5998.3623},"authorDisplayNameMap":{"moziliar":"MO Z..GRAN","t-cheepeng":"TAN ..PENG","kkangs0226":"KANG.. MIN","ptvrajsk":"PRIT..UMAR","halfwhole":"LIM .. WEI","dcshzj":"HSU .. JUN","gerhean":"CHAN..HEAN","rolandyuwy":"ROLA..YANG","HCY123902":"HUAN..NGYU","jianhandev":"LI J..NHAN","Derek-Hardy":"ZHUA..NJIE","daongochieu2810":"DAO ..HIEU","dingyuchen":"DING..CHEN","raysonkoh":"KOH ..YSON","teikjun":"TAN .. JUN","wxwxwxwx9":"ONG ..IANG","seanlowjk":"LOW ..SEAN","jonahtanjz":"JONA..N ZI","AdithyaNarayan":"ADIT..ASAN","ryoarmanda":"RYO ..ANDA"}}
