{"authorDailyContributionsMap":{"moziliar":[{"date":"2020-12-06","commitResults":[{"hash":"1df3085c9fcaaf6fe7edb4b6f49331ac84b41c52","messageTitle":"[#10693] Add allow rich text editor frontend option (#10767)","messageBody":"* Add allow rich text editor frontend option\r\n\r\n* Update UI checkbox display\r\n\r\n* Propagate allow rich text option to backend and reflect in FE\r\n\r\n* Refactor change to text editor option to be contained in text type\r\n\r\n* Update UI\r\n\r\n* Update submission UI to toggle between plain and rich text\r\n\r\n* Enable deletion of existing responses on change from rich to plain text\r\n\r\n* Fix lint\r\n\r\n* Retake snapshot\r\n\r\n* Refactor naming of rich text option\r\n\r\n* Change boolean to Boxed type\r\n\r\n* Change CSS id to class\r\n\r\n* Fix lint\r\n\r\n* Localize change to text alignment in text qn edit details\r\n\r\n* Change assert to Assumption\r\n\r\n* Remove unused lines\r\n\r\n* Add row to html\r\n\r\n* Fix indentation\r\n\r\n* Remove unnecessary state\r\n\r\n* Add test case for default rich text option\r\n\r\n* Add inline checkbox toggle\r\n\r\n* Update snapshot\r\n\r\n* Fix unit test\r\n\r\n* Fix lint\r\n\r\n* Change boolean to boxed type\r\n\r\nCo-authored-by: Ahmed Bahajjaj \u003cAhmed_Bahajjaj@u.nus.edu\u003e","fileTypesAndContributionMap":{"java":{"insertions":27,"deletions":2},"scss":{"insertions":18,"deletions":0},"html":{"insertions":14,"deletions":2},"ts":{"insertions":5,"deletions":2}}}]}],"t-cheepeng":[],"kkangs0226":[],"ptvrajsk":[],"halfwhole":[{"date":"2021-01-08","commitResults":[{"hash":"f426f68f727952309971d89f7cf3666b6e49b7d7","messageTitle":"[#10590] Add template question: Animation not smooth (#10889)","messageBody":"Co-authored-by: Ahmed Bahajjaj \u003cAhmed_Bahajjaj@u.nus.edu\u003e","fileTypesAndContributionMap":{"scss":{"insertions":4,"deletions":0},"ts":{"insertions":2,"deletions":1}}}]}],"dcshzj":[],"gerhean":[],"rolandyuwy":[],"HCY123902":[],"jianhandev":[{"date":"2020-12-19","commitResults":[{"hash":"2417752bbe8ab3eec1c38f50b13e668c5e7e9118","messageTitle":"[#10805] Browse by topic listing comes over the text (fix padding) (#10864)","messageBody":"* Fix UI bug in instructor help page\r\n\r\n* Fix length-zero-no-unit in queries.scss\r\n\r\n* Move media queries to end of scss file and remove queries.scss\r\n\r\n* Delete modified package-lock.json\r\n\r\n* Undo changes in package-lock.json\r\n\r\nCo-authored-by: t-cheepeng \u003ctcp97@hotmail.com\u003e\r\nCo-authored-by: Jeremy \u003cChooJeremy@Ymail.com\u003e\r\nCo-authored-by: Ahmed Bahajjaj \u003cAhmed_Bahajjaj@u.nus.edu\u003e","fileTypesAndContributionMap":{"scss":{"insertions":10,"deletions":0}}}]},{"date":"2020-12-25","commitResults":[{"hash":"19761aa9de3510f12fc061c47e8aae01ec82b5f1","messageTitle":"[#10788] Instructor view student list: incorrect state shown very briefly (feedback session page) (#10871)","messageBody":"* Fix UI bug in instructor help page\r\n\r\n* Fix length-zero-no-unit in queries.scss\r\n\r\n* Add boolean flag and second check in session-edit-form component\r\n\r\n* Remove accidental changes\r\n\r\n* Remove hasCourseLoaded flag from instructor sessions page component\r\n\r\n* Remove boolean flag as input from session edit form component\r\n\r\n* Disable Add New Feedback Session button when courses are still loading","fileTypesAndContributionMap":{"html":{"insertions":2,"deletions":2}}}]}],"Derek-Hardy":[],"daongochieu2810":[{"date":"2020-12-22","commitResults":[{"hash":"993ade3ec2b4d143e09ff844f498e07497db59a7","messageTitle":"[#1501] Add unit tests for FeedbackRankQuestionDetails and FeedbackTextResponseDetails classes (#10868)","messageBody":"* Add unit tests for Feedback*QuestionDetails classes\r\n\r\n* Fix CI errors\r\n\r\n* Fixed as suggested\r\n\r\n* Fixed as suggested\r\n\r\n* Change as requested\r\n\r\n* Fix lint errors","fileTypesAndContributionMap":{"java":{"insertions":98,"deletions":0}}}]},{"date":"2021-01-26","commitResults":[{"hash":"82cdd0b5cba3f426485978385a45ad0a872cf1ba","messageTitle":"[#9480] Add unit tests for feedback-path.pipe.spec.ts and question-edit-form-component.spec.ts (#10916)","messageBody":"* Add tests for feedback-path.pipe.ts\r\n\r\n* Add unit tests for question-edit-form.component.spec.ts\r\n\r\n* Change as requested\r\n\r\n* Fix lint errors\r\n\r\n* Remove diff in angular.json\r\n\r\nCo-authored-by: Jeremy \u003cChooJeremy@Ymail.com\u003e\r\nCo-authored-by: Ahmed Bahajjaj \u003cAhmed_Bahajjaj@u.nus.edu\u003e","fileTypesAndContributionMap":{"ts":{"insertions":118,"deletions":2}}}]},{"date":"2021-02-02","commitResults":[{"hash":"96408a3f3a89ae9092a7f3ca4bdd7e46942f0dc9","messageTitle":"[#10902] Skip \u0027session closed\u0027 email if already submitted (#10914)","messageBody":"* Add student filter to feedback session closed email\r\n\r\n* Fix style errors\r\n\r\n* Rename variables as requested\r\n\r\n* Update comment\r\n\r\nCo-authored-by: Ahmed Bahajjaj \u003cAhmed_Bahajjaj@u.nus.edu\u003e\r\nCo-authored-by: Jeremy \u003cChooJeremy@Ymail.com\u003e","fileTypesAndContributionMap":{"java":{"insertions":20,"deletions":6}}}]}],"dingyuchen":[],"raysonkoh":[],"teikjun":[{"date":"2021-01-19","commitResults":[{"hash":"7a4c7c51b0bc2c1ff3e72ea9310c2fff8a579134","messageTitle":"[#10809] Instructor editing sessions: Remove \u0027Done Editing\u0027 button (#10911)","messageBody":"* Remove \u0027Done Editing\u0027 button\r\n\r\n* Remove a newline\r\n\r\nCo-authored-by: Ahmed Bahajjaj \u003cAhmed_Bahajjaj@u.nus.edu\u003e","fileTypesAndContributionMap":{"html":{"insertions":1,"deletions":6},"ts":{"insertions":0,"deletions":18}}}]}],"wxwxwxwx9":[],"seanlowjk":[],"jonahtanjz":[],"AdithyaNarayan":[{"date":"2021-01-25","commitResults":[{"hash":"aadf695fbfd7889eccca9832a0d0f27f122c9f6a","messageTitle":"[#10564] Feedback session question options: unable to select text by dragging cursor (#10884)","messageBody":"* Extract dragger from rank component\r\n\r\n* Extract drag button from constsum question\r\n\r\n* Add flexbox to parent and flex-grow to input box\r\n\r\n* Remove d-flex class\r\n\r\nCo-authored-by: Adithya Narayan Rangarajan Sreenivasan \u003ce0426343@u.nus.edu\u003e\r\nCo-authored-by: Ni Tianzhen \u003cnitianzhen1210@gmail.com\u003e\r\nCo-authored-by: Ahmed Bahajjaj \u003cAhmed_Bahajjaj@u.nus.edu\u003e","fileTypesAndContributionMap":{"scss":{"insertions":40,"deletions":2},"html":{"insertions":22,"deletions":20}}}]}],"ryoarmanda":[]},"authorFileTypeContributionMap":{"moziliar":{"java":26,"js":0,"scss":18,"md":0,"py":0,"tag":0,"html":14,"ts":4},"t-cheepeng":{"java":0,"js":0,"scss":0,"md":0,"py":0,"tag":0,"html":0,"ts":0},"kkangs0226":{"java":0,"js":0,"scss":0,"md":0,"py":0,"tag":0,"html":0,"ts":0},"ptvrajsk":{"java":0,"js":0,"scss":0,"md":0,"py":0,"tag":0,"html":0,"ts":0},"halfwhole":{"java":0,"js":0,"scss":4,"md":0,"py":0,"tag":0,"html":0,"ts":2},"dcshzj":{"java":0,"js":0,"scss":0,"md":0,"py":0,"tag":0,"html":0,"ts":0},"gerhean":{"java":0,"js":0,"scss":0,"md":0,"py":0,"tag":0,"html":0,"ts":0},"rolandyuwy":{"java":0,"js":0,"scss":0,"md":0,"py":0,"tag":0,"html":0,"ts":0},"HCY123902":{"java":0,"js":0,"scss":0,"md":0,"py":0,"tag":0,"html":0,"ts":0},"jianhandev":{"java":0,"js":0,"scss":10,"md":0,"py":0,"tag":0,"html":2,"ts":0},"Derek-Hardy":{"java":0,"js":0,"scss":0,"md":0,"py":0,"tag":0,"html":0,"ts":0},"daongochieu2810":{"java":114,"js":0,"scss":0,"md":0,"py":0,"tag":0,"html":0,"ts":116},"dingyuchen":{"java":0,"js":0,"scss":0,"md":0,"py":0,"tag":0,"html":0,"ts":0},"raysonkoh":{"java":0,"js":0,"scss":0,"md":0,"py":0,"tag":0,"html":0,"ts":0},"teikjun":{"java":0,"js":0,"scss":0,"md":0,"py":0,"tag":0,"html":1,"ts":0},"wxwxwxwx9":{"java":0,"js":0,"scss":0,"md":0,"py":0,"tag":0,"html":0,"ts":0},"seanlowjk":{"java":0,"js":0,"scss":0,"md":0,"py":0,"tag":0,"html":0,"ts":0},"jonahtanjz":{"java":0,"js":0,"scss":0,"md":0,"py":0,"tag":0,"html":0,"ts":0},"AdithyaNarayan":{"java":0,"js":0,"scss":40,"md":0,"py":0,"tag":0,"html":11,"ts":0},"ryoarmanda":{"java":0,"js":0,"scss":0,"md":0,"py":0,"tag":0,"html":0,"ts":0}},"authorContributionVariance":{"moziliar":75.36621,"t-cheepeng":0.0,"kkangs0226":0.0,"ptvrajsk":0.0,"halfwhole":0.7536621,"dcshzj":0.0,"gerhean":0.0,"rolandyuwy":0.0,"HCY123902":0.0,"jianhandev":1.7646484,"Derek-Hardy":0.0,"daongochieu2810":371.08984,"dingyuchen":0.0,"raysonkoh":0.0,"teikjun":9.613037,"wxwxwxwx9":0.0,"seanlowjk":0.0,"jonahtanjz":0.0,"AdithyaNarayan":108.52734,"ryoarmanda":0.0},"authorDisplayNameMap":{"moziliar":"MO Z..GRAN","t-cheepeng":"TAN ..PENG","kkangs0226":"KANG.. MIN","ptvrajsk":"PRIT..UMAR","halfwhole":"LIM .. WEI","dcshzj":"HSU .. JUN","gerhean":"CHAN..HEAN","rolandyuwy":"ROLA..YANG","HCY123902":"HUAN..NGYU","jianhandev":"LI J..NHAN","Derek-Hardy":"ZHUA..NJIE","daongochieu2810":"DAO ..HIEU","dingyuchen":"DING..CHEN","raysonkoh":"KOH ..YSON","teikjun":"TAN .. JUN","wxwxwxwx9":"ONG ..IANG","seanlowjk":"LOW ..SEAN","jonahtanjz":"JONA..N ZI","AdithyaNarayan":"ADIT..ASAN","ryoarmanda":"RYO ..ANDA"}}
