{"authorDailyContributionsMap":{"moziliar":[{"date":"2020-12-06","commitResults":[{"hash":"1df3085c9fcaaf6fe7edb4b6f49331ac84b41c52","messageTitle":"[#10693] Add allow rich text editor frontend option (#10767)","messageBody":"* Add allow rich text editor frontend option\r\n\r\n* Update UI checkbox display\r\n\r\n* Propagate allow rich text option to backend and reflect in FE\r\n\r\n* Refactor change to text editor option to be contained in text type\r\n\r\n* Update UI\r\n\r\n* Update submission UI to toggle between plain and rich text\r\n\r\n* Enable deletion of existing responses on change from rich to plain text\r\n\r\n* Fix lint\r\n\r\n* Retake snapshot\r\n\r\n* Refactor naming of rich text option\r\n\r\n* Change boolean to Boxed type\r\n\r\n* Change CSS id to class\r\n\r\n* Fix lint\r\n\r\n* Localize change to text alignment in text qn edit details\r\n\r\n* Change assert to Assumption\r\n\r\n* Remove unused lines\r\n\r\n* Add row to html\r\n\r\n* Fix indentation\r\n\r\n* Remove unnecessary state\r\n\r\n* Add test case for default rich text option\r\n\r\n* Add inline checkbox toggle\r\n\r\n* Update snapshot\r\n\r\n* Fix unit test\r\n\r\n* Fix lint\r\n\r\n* Change boolean to boxed type\r\n\r\nCo-authored-by: Ahmed Bahajjaj \u003cAhmed_Bahajjaj@u.nus.edu\u003e","fileTypesAndContributionMap":{"java":{"insertions":27,"deletions":2},"scss":{"insertions":18,"deletions":0},"html":{"insertions":14,"deletions":2},"ts":{"insertions":5,"deletions":2}}}]},{"date":"2021-02-22","commitResults":[{"hash":"ea6a418961e08ccc23bcfff81d3afff1a3f60c8f","messageTitle":"[#10953] Create mock course script (#10954)","messageBody":"* Add mock course data generator script\r\n\r\n* Parameterize the feedback participant type\r\n\r\n* Refactor the script class\r\n\r\nCo-authored-by: Rahul Rajesh \u003crahul.rajesh.bhat@gmail.com\u003e\r\nCo-authored-by: Ahmed Bahajjaj \u003cAhmed_Bahajjaj@u.nus.edu\u003e","fileTypesAndContributionMap":{"java":{"insertions":239,"deletions":0}}}]},{"date":"2021-03-12","commitResults":[{"hash":"9b45ba45139a59ad8e965499b1a6c1f295c99185","messageTitle":"[#11008] Add toJson with writer as input for JsonResult (#11009)","messageBody":"Co-authored-by: Ahmed Bahajjaj \u003cAhmed_Bahajjaj@u.nus.edu\u003e","fileTypesAndContributionMap":{"java":{"insertions":11,"deletions":1}}}]},{"date":"2021-03-13","commitResults":[{"hash":"39dae8c5a76c76decf966a9aab063caf0122b1b6","messageTitle":"[#10959] Paginate frontend call to webapi for large course (#10960)","messageBody":"* Parallelize frontend call to backend to retrieve feedback responses\r\n\r\n* Change forkJoin to concat for sequential fetches\r\n\r\n* Add download progress modal\r\n\r\n* Create progress-bar and add it as child of simple-modal\r\n\r\n* Fix lint issues\r\n\r\n* Create data flow to progress-bar and modify simple-modal\r\n\r\n* Create service for progress-bar data flow\r\n\r\n* Fix lint issues\r\n\r\n* Fix minor formatting issue\r\n\r\n* Fix lint and formatting issues\r\n\r\n* Change code formatting\r\n\r\n* Fix failing tests for frontend\r\n\r\n* Fix lint issues\r\n\r\n* Add transparent overlay  for loading modal\r\n\r\n* Change code formatting\r\n\r\n* Fix lint\r\n\r\n* Replace \u0027download\u0027 with \u0027loading\u0027 for general services\r\n\r\n* Remove empty file\r\n\r\n* Close the loading modal when error occurs\r\n\r\n* Fix overlay bug on chrome\r\n\r\n* Make X button terminate the download\r\n\r\n* Fix lint issue\r\n\r\nCo-authored-by: teikjun \u003cteikjunhci@gmail.com\u003e\r\nCo-authored-by: Rahul Rajesh \u003crahul.rajesh.bhat@gmail.com\u003e","fileTypesAndContributionMap":{"scss":{"insertions":24,"deletions":1},"html":{"insertions":13,"deletions":5},"ts":{"insertions":199,"deletions":39}}}]}],"t-cheepeng":[{"date":"2021-02-08","commitResults":[{"hash":"7028ec98a877aa7b5b6cceb953f10f0976221463","messageTitle":"[#10920] Add frontend test for user join page component #10942","messageBody":"","fileTypesAndContributionMap":{"ts":{"insertions":139,"deletions":1}}}]},{"date":"2021-03-02","commitResults":[{"hash":"4c8d6fb01890e2e1f536aa5b5b0ac22fbcac297c","messageTitle":"[#9480] Add frontend tests to session result component (#10918)","messageBody":"* Add snapshot test to session result component\r\n\r\n* Add unit test for reg key validation\r\n\r\n* Add additional tests for session with questions","fileTypesAndContributionMap":{"html":{"insertions":1,"deletions":1},"ts":{"insertions":494,"deletions":5}}}]},{"date":"2021-04-05","commitResults":[{"hash":"0999b4ec02ad37fe0a9e6479b71485f6e9f3db64","messageTitle":"[#10969] Search form for audit logs page (#11006)","messageBody":"* Add routing to audit logs page\r\n\r\n* Add search form for audit logs page\r\n\r\n* Restructure form for search button\r\n\r\n* Reword message and add sort for courses\r\n\r\n* Restructure form and change input to dropdown","fileTypesAndContributionMap":{"scss":{"insertions":4,"deletions":0},"html":{"insertions":75,"deletions":0},"ts":{"insertions":151,"deletions":0}}},{"hash":"e17276e10383a517014ba3b2fd6f84c6bfbf4261","messageTitle":"[#10969] Instructor Audit Logs Frontend (#11047)","messageBody":"* Add method to fetch logs\r\n\r\n* Add logs results table\r\n\r\n* Add in disabled search button and optional params\r\n\r\n* Restrict datepicker to log retention period\r\n\r\n* Reword 30 day limit message\r\n\r\n* Add backend validation for session logs time param\r\n\r\n* Shift click event to select tag\r\n\r\n* Change click to ngModelChange and remove unnecessary checks\r\n\r\n* Hide navbar link for instructor logs page","fileTypesAndContributionMap":{"java":{"insertions":24,"deletions":0},"scss":{"insertions":8,"deletions":1},"html":{"insertions":25,"deletions":8},"ts":{"insertions":161,"deletions":7}}},{"hash":"b81408f78fd19ba2dc95d54cacb060dea5da00c6","messageTitle":"[#10950] Filter logs by student name and change default behaviour of form (#11076)","messageBody":"* Change default dates and disable search button when searching\r\n\r\n* Sync up logs retention constant between frontend and backend\r\n\r\n* Add in email filtering for audit logs\r\n\r\n* Remove unnecessary check for email","fileTypesAndContributionMap":{"java":{"insertions":3,"deletions":1},"html":{"insertions":4,"deletions":3},"ts":{"insertions":17,"deletions":16}}}]},{"date":"2021-04-14","commitResults":[{"hash":"a834a8d8b80f104157b5f45bfaffd5a523c061ee","messageTitle":"[#10969] Add frontend tests for audit logs page (#11090)","messageBody":"* Add frontend tests for audit logs page\r\n\r\n* Clear extra indentation and shift test case variables\r\n\r\nCo-authored-by: Ahmed Bahajjaj \u003cAhmed_Bahajjaj@u.nus.edu\u003e","fileTypesAndContributionMap":{"html":{"insertions":1,"deletions":1},"ts":{"insertions":219,"deletions":2}}}]}],"kkangs0226":[],"ptvrajsk":[],"halfwhole":[{"date":"2021-01-08","commitResults":[{"hash":"f426f68f727952309971d89f7cf3666b6e49b7d7","messageTitle":"[#10590] Add template question: Animation not smooth (#10889)","messageBody":"Co-authored-by: Ahmed Bahajjaj \u003cAhmed_Bahajjaj@u.nus.edu\u003e","fileTypesAndContributionMap":{"scss":{"insertions":4,"deletions":0},"ts":{"insertions":2,"deletions":1}}}]},{"date":"2021-02-26","commitResults":[{"hash":"3c3a3b66180d8298ecea25077625aef6f7fd2b56","messageTitle":"[#10920] Add front-end tests for instructor courses page (#10967)","messageBody":"* Add front-end tests for instructor courses page\r\n\r\n* Add more front-end tests for instructor courses page\r\n\r\nCo-authored-by: Ahmed Bahajjaj \u003cAhmed_Bahajjaj@u.nus.edu\u003e","fileTypesAndContributionMap":{"html":{"insertions":4,"deletions":4},"ts":{"insertions":407,"deletions":19}}}]},{"date":"2021-03-03","commitResults":[{"hash":"3869c599376e08d7e7559bc18fd6572c5bf624f6","messageTitle":"[#10700] Handle CSRF token problem better (#10951)","messageBody":"* Display alternative error handling for missing CSRF tokens\r\n\r\n* Add handling for invalid CSRF token error message\r\n\r\n* Remove redundant disabling of send button\r\n\r\nCo-authored-by: Ahmed Bahajjaj \u003cAhmed_Bahajjaj@u.nus.edu\u003e","fileTypesAndContributionMap":{"html":{"insertions":36,"deletions":20},"ts":{"insertions":7,"deletions":0}}}]},{"date":"2021-03-11","commitResults":[{"hash":"a8a1834d4175850588204e1cfc0a573e705809d5","messageTitle":"[#8532] Sessions: instructor view results: stop showing a random identifier for anonymous responses (#10890)","messageBody":"Co-authored-by: Ahmed Bahajjaj \u003cAhmed_Bahajjaj@u.nus.edu\u003e","fileTypesAndContributionMap":{"ts":{"insertions":32,"deletions":0}}}]},{"date":"2021-03-22","commitResults":[{"hash":"ed173aa5bada92a1530591d7b5876c263b357a49","messageTitle":"[#11056] Mock timezones in new course form of instructor courses page (#11057)","messageBody":"","fileTypesAndContributionMap":{"ts":{"insertions":11,"deletions":0}}}]},{"date":"2021-04-05","commitResults":[{"hash":"0903d6aaf3d8fab9f9c8fd442788965a24de9407","messageTitle":"[#10950] Add logging endpoint for audit logs (#10985)","messageBody":"* Add logging endpoint for audit logs\r\n\r\n* Remove commented-out logic and shift constants into Const.java\r\n\r\n* Change authentication level for audit logs tracking","fileTypesAndContributionMap":{"java":{"insertions":35,"deletions":1}}},{"hash":"c59d0468b71c42f4dc9137aa639e4bcb6d4a53e6","messageTitle":"[#10950] Add logging functionality to backend (#10984)","messageBody":"* Add logging functionality to backend\r\n\r\n* Make changes to feedback session log logic\r\n\r\n* Add non null for student email\r\n\r\n* Rename logging to logs and add test skeletons\r\n\r\n* Add ability to retrieve logs via API\r\n\r\n* Fix frontend naming\r\n\r\n* Shift audit log functionality to logging service\r\n\r\n* Remove closing of logger\r\n\r\n* Change frontend components","fileTypesAndContributionMap":{"java":{"insertions":477,"deletions":94},"ts":{"insertions":6,"deletions":6}}},{"hash":"671ed92fcfd55567ae1af2cac3a38ef30b7a9777","messageTitle":"[#10950] Refactor getting of error log entries (#11050)","messageBody":"","fileTypesAndContributionMap":{"java":{"insertions":49,"deletions":25}}},{"hash":"bc308a054b963520d7284d57da760bb417f50ca6","messageTitle":"[#10950] Add backend tests for audit logs (#11048)","messageBody":"* Add backend tests for audit logs\r\n\r\n* Add start and end time validation for getting logs\r\n\r\n* Add tests for invalid parameters and student access\r\n\r\n* Add test for earliest search time","fileTypesAndContributionMap":{"java":{"insertions":325,"deletions":10}}},{"hash":"3c2fd02e134317d08c64271d37154a0933259642","messageTitle":"[#10950] Merge track session endpoint into session logs endpoint (#11082)","messageBody":"","tags":["V7.14.0"],"fileTypesAndContributionMap":{"java":{"insertions":3,"deletions":5},"ts":{"insertions":1,"deletions":1}}}]},{"date":"2021-05-02","commitResults":[{"hash":"248f75f2a789fa215d2c635a2c020f6a0cfd776b","messageTitle":"[#11118] Update timezone database version to 2021a (#11125)","messageBody":"","fileTypesAndContributionMap":{"java":{"insertions":6,"deletions":1}}}]}],"dcshzj":[],"gerhean":[],"rolandyuwy":[],"HCY123902":[],"jianhandev":[{"date":"2020-12-19","commitResults":[{"hash":"2417752bbe8ab3eec1c38f50b13e668c5e7e9118","messageTitle":"[#10805] Browse by topic listing comes over the text (fix padding) (#10864)","messageBody":"* Fix UI bug in instructor help page\r\n\r\n* Fix length-zero-no-unit in queries.scss\r\n\r\n* Move media queries to end of scss file and remove queries.scss\r\n\r\n* Delete modified package-lock.json\r\n\r\n* Undo changes in package-lock.json\r\n\r\nCo-authored-by: t-cheepeng \u003ctcp97@hotmail.com\u003e\r\nCo-authored-by: Jeremy \u003cChooJeremy@Ymail.com\u003e\r\nCo-authored-by: Ahmed Bahajjaj \u003cAhmed_Bahajjaj@u.nus.edu\u003e","fileTypesAndContributionMap":{"scss":{"insertions":10,"deletions":0}}}]},{"date":"2020-12-25","commitResults":[{"hash":"19761aa9de3510f12fc061c47e8aae01ec82b5f1","messageTitle":"[#10788] Instructor view student list: incorrect state shown very briefly (feedback session page) (#10871)","messageBody":"* Fix UI bug in instructor help page\r\n\r\n* Fix length-zero-no-unit in queries.scss\r\n\r\n* Add boolean flag and second check in session-edit-form component\r\n\r\n* Remove accidental changes\r\n\r\n* Remove hasCourseLoaded flag from instructor sessions page component\r\n\r\n* Remove boolean flag as input from session edit form component\r\n\r\n* Disable Add New Feedback Session button when courses are still loading","fileTypesAndContributionMap":{"html":{"insertions":2,"deletions":2}}}]},{"date":"2021-02-22","commitResults":[{"hash":"9f3703d03514a31a4859ed2f7ea0dca25bebdaea","messageTitle":"[#10788] Instructor view student list: incorrect state shown very briefly (student list page) (#10872)","messageBody":"* Fix UI bug in instructor help page\r\n\r\n* Fix length-zero-no-unit in queries.scss\r\n\r\n* Add second check to ensure student has loaded before checking the number of students in student list page\r\n\r\n* Undo accidental changes\r\n\r\nCo-authored-by: Ahmed Bahajjaj \u003cAhmed_Bahajjaj@u.nus.edu\u003e","fileTypesAndContributionMap":{"html":{"insertions":1,"deletions":1}}}]}],"Derek-Hardy":[{"date":"2021-02-08","commitResults":[{"hash":"d85934b6f65eadf0783b463f0e80dc7eecd81b46","messageTitle":"[#10885] Fixed unresponsive question tab in instructor help page (#10921)","messageBody":"* Updated grid system and fixed question tab expansion glitch in instructor help page\r\n\r\n* update snapshot for question edit form\r\n\r\n* update media max-width to fit medium screen size of grid system\r\n\r\n* removed flex changes in question-edit-form.component.html, added it only in help page instead","fileTypesAndContributionMap":{"scss":{"insertions":2,"deletions":6},"html":{"insertions":2,"deletions":2}}}]},{"date":"2021-02-09","commitResults":[{"hash":"5621286df24b2780ae7f4966fdbd3269822ec033","messageTitle":"[#10920] Add front-end tests for student home page component (#10925)","messageBody":"* Initial commit on student home page test\r\n\r\n* Add test cases for sortBy ID and names; add more snapshot test cases\r\n\r\n* Add test cases for router link navigation\r\n\r\n* Add test cases for button \u0026 session status\r\n\r\n* Add test cases for loadStudentCourses API endpoint\r\n\r\n* refactored common data stubs for brevity \u0026 commented unix timestamp translation\r\n\r\nCo-authored-by: Ahmed Bahajjaj \u003cAhmed_Bahajjaj@u.nus.edu\u003e","fileTypesAndContributionMap":{"html":{"insertions":10,"deletions":8},"ts":{"insertions":752,"deletions":30}}}]},{"date":"2021-02-13","commitResults":[{"hash":"f99d48dd05eafdc31e2a0b47ec5435c0c0badef3","messageTitle":"[#10920] Add front-end tests for instructor home page component (#10935)","messageBody":"* Add test cases for loadCourses and loadFeedbackSessions\r\n\r\n* Add test cases for getter and tab expansion\r\n\r\n* Add test cases for archive course\r\n\r\n* Add test cases for delete course\r\n\r\n* refactored common data stubs for brevity\r\n\r\n* commented on unix timestamp translation\r\n\r\n* refactored duplicate test data for course and feedbackSession","fileTypesAndContributionMap":{"html":{"insertions":1,"deletions":1},"ts":{"insertions":228,"deletions":75}}}]}],"daongochieu2810":[{"date":"2020-12-22","commitResults":[{"hash":"993ade3ec2b4d143e09ff844f498e07497db59a7","messageTitle":"[#1501] Add unit tests for FeedbackRankQuestionDetails and FeedbackTextResponseDetails classes (#10868)","messageBody":"* Add unit tests for Feedback*QuestionDetails classes\r\n\r\n* Fix CI errors\r\n\r\n* Fixed as suggested\r\n\r\n* Fixed as suggested\r\n\r\n* Change as requested\r\n\r\n* Fix lint errors","fileTypesAndContributionMap":{"java":{"insertions":98,"deletions":0}}}]},{"date":"2021-01-26","commitResults":[{"hash":"82cdd0b5cba3f426485978385a45ad0a872cf1ba","messageTitle":"[#9480] Add unit tests for feedback-path.pipe.spec.ts and question-edit-form-component.spec.ts (#10916)","messageBody":"* Add tests for feedback-path.pipe.ts\r\n\r\n* Add unit tests for question-edit-form.component.spec.ts\r\n\r\n* Change as requested\r\n\r\n* Fix lint errors\r\n\r\n* Remove diff in angular.json\r\n\r\nCo-authored-by: Jeremy \u003cChooJeremy@Ymail.com\u003e\r\nCo-authored-by: Ahmed Bahajjaj \u003cAhmed_Bahajjaj@u.nus.edu\u003e","fileTypesAndContributionMap":{"ts":{"insertions":118,"deletions":2}}}]},{"date":"2021-02-02","commitResults":[{"hash":"96408a3f3a89ae9092a7f3ca4bdd7e46942f0dc9","messageTitle":"[#10902] Skip \u0027session closed\u0027 email if already submitted (#10914)","messageBody":"* Add student filter to feedback session closed email\r\n\r\n* Fix style errors\r\n\r\n* Rename variables as requested\r\n\r\n* Update comment\r\n\r\nCo-authored-by: Ahmed Bahajjaj \u003cAhmed_Bahajjaj@u.nus.edu\u003e\r\nCo-authored-by: Jeremy \u003cChooJeremy@Ymail.com\u003e","fileTypesAndContributionMap":{"java":{"insertions":20,"deletions":6}}}]},{"date":"2021-02-15","commitResults":[{"hash":"05562cc45172bf4e750e3d0ea7ca8d3cd7b93369","messageTitle":"[#10928] Add script to list active instructors within a period (#10947)","messageBody":"* Add script to list active instructors\r\n\r\n* Change date input format to human-readable version\r\n\r\n* Change from ArrayList to Set\r\n\r\n* Enhance the script with binary search\r\n\r\n* Replace full load with filter load\r\n\r\n* Rectify filter field","fileTypesAndContributionMap":{"java":{"insertions":52,"deletions":0}}}]},{"date":"2021-03-05","commitResults":[{"hash":"c35f79cc897022eba16233a49cc33f5dc0cff934","messageTitle":"[#10979] Highlight today date and add today button (#10980)","messageBody":"* Highlight today date and add today button\r\n\r\n* Move today button to footer\r\n\r\n* Fix hidden dates issue\r\n\r\n* Refactor code\r\n\r\n* Remove day template\r\n\r\n* Fix css style\r\n\r\n* Refactor template name\r\n\r\nCo-authored-by: Ahmed Bahajjaj \u003cAhmed_Bahajjaj@u.nus.edu\u003e","fileTypesAndContributionMap":{"scss":{"insertions":16,"deletions":0},"html":{"insertions":33,"deletions":4},"ts":{"insertions":2,"deletions":2}}}]},{"date":"2021-03-29","commitResults":[{"hash":"52139d428ac82d227fd6f4f2bcf4281edd82dc04","messageTitle":"[#10936] Show explicit enroll errors (#10943)","messageBody":"* Return error messages from backend\r\n\r\n* Fix front end errors\r\n\r\n* Fix front end errors\r\n\r\n* Fix lint\r\n\r\n* Add EnrollStudentsData class\r\n\r\n* Rename variables\r\n\r\nCo-authored-by: Ahmed Bahajjaj \u003cAhmed_Bahajjaj@u.nus.edu\u003e","fileTypesAndContributionMap":{"java":{"insertions":71,"deletions":5},"scss":{"insertions":9,"deletions":0},"html":{"insertions":2,"deletions":0},"ts":{"insertions":13,"deletions":5}}},{"hash":"c5468bc14479319ded921aea435403a6aebc3f94","messageTitle":"[#10981] Add team members as an option to generate values (#11043)","messageBody":"* Add team members option\r\n\r\n* Add team member option\r\n\r\n* Add additional tests for FeedbackQuestionLogicTest\r\n\r\n* Inline lambda on line 638\r\n\r\nCo-authored-by: Ahmed Bahajjaj \u003cAhmed_Bahajjaj@u.nus.edu\u003e","fileTypesAndContributionMap":{"java":{"insertions":52,"deletions":2},"ts":{"insertions":6,"deletions":0}}}]},{"date":"2021-03-30","commitResults":[{"hash":"72bafbf2ebd881d55cb32cd10ec17aa92ffccf2c","messageTitle":"[#10964] Paginate enroll calls for large courses (FE) (#10968)","messageBody":"* Paginate enroll calls\r\n\r\n* Adjust code style\r\n\r\n* Reformat html file for instructor enroll page\r\n\r\n* Increase number of students per chunk\r\n\r\n* Add mechanism to break long request smaller if timeout\r\n\r\n* Refactor code and update test\r\n\r\n* Add delay of 1s between paginated calls\r\n\r\n* Refactor code\r\n\r\n* Remove retry mechanism\r\n\r\n* Paginate enroll calls\r\n\r\n* Adjust code style\r\n\r\n* Reformat html file for instructor enroll page\r\n\r\n* Increase number of students per chunk\r\n\r\n* Add mechanism to break long request smaller if timeout\r\n\r\n* Refactor code and update test\r\n\r\n* Add delay of 1s between paginated calls\r\n\r\n* Refactor code\r\n\r\n* Remove retry mechanism\r\n\r\n* Add FE checks\r\n\r\n* Run checks on 1D array\r\n\r\n* Paginate enroll calls\r\n\r\n* Adjust code style\r\n\r\n* Reformat html file for instructor enroll page\r\n\r\n* Increase number of students per chunk\r\n\r\n* Add mechanism to break long request smaller if timeout\r\n\r\n* Refactor code and update test\r\n\r\n* Add delay of 1s between paginated calls\r\n\r\n* Refactor code\r\n\r\n* Remove retry mechanism\r\n\r\n* Add FE checks\r\n\r\n* Run checks on 1D array\r\n\r\n* Simplify error messages and add mechanism to remove error highlights\r\n\r\n* Refactor code\r\n\r\n* Fix indentation\r\n\r\n* Show enroll results when error happens\r\n\r\n* Set error message after populating result panels\r\n\r\n* Fix lint\r\n\r\nCo-authored-by: Rahul Rajesh \u003crahul.rajesh.bhat@gmail.com\u003e\r\nCo-authored-by: Ahmed Bahajjaj \u003cAhmed_Bahajjaj@u.nus.edu\u003e","fileTypesAndContributionMap":{"java":{"insertions":0,"deletions":15},"scss":{"insertions":10,"deletions":0},"html":{"insertions":2,"deletions":3},"ts":{"insertions":234,"deletions":49}}}]},{"date":"2021-04-04","commitResults":[{"hash":"1420af9dee8ccb93a532d0024975bc4f446a02f3","messageTitle":"[#11003] LnP tests for batch processing (#11027)","messageBody":"* Add LnP test for enrollment update\r\n\r\n* Change number of students\r\n\r\n* Break the enrollment request into chunks of 50 students each\r\n\r\n* Change access modifer","tags":["V7.13.0"],"fileTypesAndContributionMap":{"java":{"insertions":375,"deletions":6}}}]},{"date":"2021-04-06","commitResults":[{"hash":"e36c2fdf39b01df61eceed9c161796769feffe9c","messageTitle":"[#11084] Remove error highlighting on a new enrollment (#11089)","messageBody":"* Remove error highlighting on a new submit\r\n\r\n* Add variable for last col index","tags":["V7.14.1"],"fileTypesAndContributionMap":{"ts":{"insertions":9,"deletions":2}}}]},{"date":"2021-04-12","commitResults":[{"hash":"bfe52e9dcc8974928ee41d19c35dacf8194a38b0","messageTitle":"[#11053] Refactor datepicker with today button as a component (#11072)","messageBody":"* Refactor datepicker with today button as a component\r\n\r\n* Rename datepicker component\r\n\r\n* Rename date format and remove redundant changes\r\n\r\n* Add id to newly created components\r\n\r\n* Pass id to child datepicker component\r\n\r\n* Change to fetch by css identifier\r\n\r\n* Fix unreacheable id error from e2e tests","fileTypesAndContributionMap":{"java":{"insertions":19,"deletions":12},"scss":{"insertions":10,"deletions":11},"html":{"insertions":30,"deletions":68},"ts":{"insertions":98,"deletions":3}}},{"hash":"70b7c02301936535eb8198a29c82b6f7dc2917e7","messageTitle":"[#11097] Return a better message for conflicting course ids (#11098)","messageBody":"* Return a better message\r\n\r\n* Align the close button to top","fileTypesAndContributionMap":{"java":{"insertions":4,"deletions":2},"html":{"insertions":1,"deletions":1}}}]},{"date":"2021-04-13","commitResults":[{"hash":"ec942eb7630fcb44aa79e302461f848bcf0fee18","messageTitle":"[#11096] Navigate to today date on click (#11104)","messageBody":"Co-authored-by: Ahmed Bahajjaj \u003cAhmed_Bahajjaj@u.nus.edu\u003e","fileTypesAndContributionMap":{"html":{"insertions":1,"deletions":1},"ts":{"insertions":7,"deletions":1}}}]}],"dingyuchen":[],"raysonkoh":[],"teikjun":[{"date":"2021-01-19","commitResults":[{"hash":"7a4c7c51b0bc2c1ff3e72ea9310c2fff8a579134","messageTitle":"[#10809] Instructor editing sessions: Remove \u0027Done Editing\u0027 button (#10911)","messageBody":"* Remove \u0027Done Editing\u0027 button\r\n\r\n* Remove a newline\r\n\r\nCo-authored-by: Ahmed Bahajjaj \u003cAhmed_Bahajjaj@u.nus.edu\u003e","fileTypesAndContributionMap":{"html":{"insertions":1,"deletions":6},"ts":{"insertions":0,"deletions":18}}}]},{"date":"2021-04-13","commitResults":[{"hash":"837f1d1f493c97a0a461ae99dc77ac78bae2df52","messageTitle":"[#11030] Batch download for session-table component (#11066)","messageBody":"* Set up services\r\n\r\n* Process download in batches partitioned by questionId\r\n\r\n* Refactor and fix lint issues\r\n\r\n* Refactor code\r\n\r\n* Update snapshot test for instructor-home-page component\r\n\r\n* Make requested changes\r\n\r\n* Fix lint issues\r\n\r\n* Use outputData length instead of counter\r\n\r\n* Add type definition to variable\r\n\r\n* Add newline\r\n\r\nCo-authored-by: Ahmed Bahajjaj \u003cAhmed_Bahajjaj@u.nus.edu\u003e","fileTypesAndContributionMap":{"ts":{"insertions":84,"deletions":21}}}]}],"wxwxwxwx9":[],"seanlowjk":[],"jonahtanjz":[],"AdithyaNarayan":[{"date":"2021-01-25","commitResults":[{"hash":"aadf695fbfd7889eccca9832a0d0f27f122c9f6a","messageTitle":"[#10564] Feedback session question options: unable to select text by dragging cursor (#10884)","messageBody":"* Extract dragger from rank component\r\n\r\n* Extract drag button from constsum question\r\n\r\n* Add flexbox to parent and flex-grow to input box\r\n\r\n* Remove d-flex class\r\n\r\nCo-authored-by: Adithya Narayan Rangarajan Sreenivasan \u003ce0426343@u.nus.edu\u003e\r\nCo-authored-by: Ni Tianzhen \u003cnitianzhen1210@gmail.com\u003e\r\nCo-authored-by: Ahmed Bahajjaj \u003cAhmed_Bahajjaj@u.nus.edu\u003e","fileTypesAndContributionMap":{"scss":{"insertions":40,"deletions":2},"html":{"insertions":22,"deletions":20}}}]},{"date":"2021-02-08","commitResults":[{"hash":"40e8947009c4a61d6b9f30720b06b720bc963e82","messageTitle":"[#10806] [UI issue][Help for instructor page][Questions section] non uniformity in the full stop at the end of the sentence (#10883)","messageBody":"* Add punctuation to all points\r\n\r\n* Add punctuation to all sections in instructor help page\r\n\r\nCo-authored-by: Adithya Narayan Rangarajan Sreenivasan \u003ce0426343@u.nus.edu\u003e\r\nCo-authored-by: Ahmed Bahajjaj \u003cAhmed_Bahajjaj@u.nus.edu\u003e","fileTypesAndContributionMap":{"html":{"insertions":65,"deletions":65}}}]},{"date":"2021-02-22","commitResults":[{"hash":"4e443205d9c351e0b95d011504548cdcbe5a3f63","messageTitle":"[#8918] Instructor: view results: questions for ranking: show rank within team (#10895)","messageBody":"* Add team rank and team rank excluding self\r\n\r\n* Add test for team rank\r\n\r\n* Update snapshots\r\n\r\n* Fix lint errors\r\n\r\n* Add recipient type check for team rank calculation\r\n\r\n* Trigger re-run of e2e tests\r\n\r\n* Add help page and declerative methods\r\n\r\n* Move test-data from json into spec.ts file","fileTypesAndContributionMap":{"html":{"insertions":9,"deletions":0},"ts":{"insertions":223,"deletions":41}}}]},{"date":"2021-04-05","commitResults":[{"hash":"4fc9292ed7e049b87b0cbcab4b2949e6501fc35f","messageTitle":"[#10950] Add base files for audit logs backend (#10978)","messageBody":"Co-authored-by: Adithya Narayan Rangarajan Sreenivasan \u003ce0426343@u.nus.edu\u003e\n","fileTypesAndContributionMap":{"java":{"insertions":118,"deletions":0}}},{"hash":"0dfc6b3cd7a9960939b1f425130055a173c2ade0","messageTitle":"[#10950] Track student feedback session in frontend (#11005)","messageBody":"* Add tracking to frontend\n\n* Fix test case for log service\n\n* Fix lint\n\n* Add fsname to params\n\n* Shift log creation to loadPersonName\n\nCo-authored-by: Adithya Narayan Rangarajan Sreenivasan \u003ce0426343@u.nus.edu\u003e\n","fileTypesAndContributionMap":{"java":{"insertions":27,"deletions":0},"ts":{"insertions":82,"deletions":1}}},{"hash":"2ad34f9ed152e50b4358042b80267010499dc68b","messageTitle":"[#11042] Fix label to record student email (#11062)","messageBody":"","fileTypesAndContributionMap":{"ts":{"insertions":1,"deletions":1}}}]}],"ryoarmanda":[]},"authorFileTypeContributionMap":{"moziliar":{"java":276,"js":0,"scss":42,"md":0,"py":0,"tag":0,"html":27,"ts":172},"t-cheepeng":{"java":27,"js":0,"scss":11,"md":0,"py":0,"tag":0,"html":94,"ts":1153},"kkangs0226":{"java":0,"js":0,"scss":0,"md":0,"py":0,"tag":0,"html":0,"ts":0},"ptvrajsk":{"java":0,"js":0,"scss":0,"md":0,"py":0,"tag":0,"html":0,"ts":0},"halfwhole":{"java":878,"js":0,"scss":4,"md":0,"py":0,"tag":0,"html":18,"ts":465},"dcshzj":{"java":0,"js":0,"scss":0,"md":0,"py":0,"tag":0,"html":0,"ts":0},"gerhean":{"java":0,"js":0,"scss":0,"md":0,"py":0,"tag":0,"html":0,"ts":0},"rolandyuwy":{"java":0,"js":0,"scss":0,"md":0,"py":0,"tag":0,"html":0,"ts":0},"HCY123902":{"java":0,"js":0,"scss":0,"md":0,"py":0,"tag":0,"html":0,"ts":0},"jianhandev":{"java":0,"js":0,"scss":9,"md":0,"py":0,"tag":0,"html":3,"ts":0},"Derek-Hardy":{"java":0,"js":0,"scss":2,"md":0,"py":0,"tag":0,"html":13,"ts":872},"daongochieu2810":{"java":686,"js":0,"scss":34,"md":0,"py":0,"tag":0,"html":35,"ts":452},"dingyuchen":{"java":0,"js":0,"scss":0,"md":0,"py":0,"tag":0,"html":0,"ts":0},"raysonkoh":{"java":0,"js":0,"scss":0,"md":0,"py":0,"tag":0,"html":0,"ts":0},"teikjun":{"java":0,"js":0,"scss":0,"md":0,"py":0,"tag":0,"html":1,"ts":74},"wxwxwxwx9":{"java":0,"js":0,"scss":0,"md":0,"py":0,"tag":0,"html":0,"ts":0},"seanlowjk":{"java":0,"js":0,"scss":0,"md":0,"py":0,"tag":0,"html":0,"ts":0},"jonahtanjz":{"java":0,"js":0,"scss":0,"md":0,"py":0,"tag":0,"html":0,"ts":0},"AdithyaNarayan":{"java":53,"js":0,"scss":40,"md":0,"py":0,"tag":0,"html":84,"ts":299},"ryoarmanda":{"java":0,"js":0,"scss":0,"md":0,"py":0,"tag":0,"html":0,"ts":0}},"authorContributionVariance":{"moziliar":906.9117,"t-cheepeng":3699.9412,"kkangs0226":0.0,"ptvrajsk":0.0,"halfwhole":8198.995,"dcshzj":0.0,"gerhean":0.0,"rolandyuwy":0.0,"HCY123902":0.0,"jianhandev":0.7733751,"Derek-Hardy":4738.661,"daongochieu2810":2312.0293,"dingyuchen":0.0,"raysonkoh":0.0,"teikjun":75.42181,"wxwxwxwx9":0.0,"seanlowjk":0.0,"jonahtanjz":0.0,"AdithyaNarayan":967.4845,"ryoarmanda":0.0},"authorDisplayNameMap":{"moziliar":"MO Z..GRAN","t-cheepeng":"TAN ..PENG","kkangs0226":"KANG.. MIN","ptvrajsk":"PRIT..UMAR","halfwhole":"LIM .. WEI","dcshzj":"HSU .. JUN","gerhean":"CHAN..HEAN","rolandyuwy":"ROLA..YANG","HCY123902":"HUAN..NGYU","jianhandev":"LI J..NHAN","Derek-Hardy":"ZHUA..NJIE","daongochieu2810":"DAO ..HIEU","dingyuchen":"DING..CHEN","raysonkoh":"KOH ..YSON","teikjun":"TAN .. JUN","wxwxwxwx9":"ONG ..IANG","seanlowjk":"LOW ..SEAN","jonahtanjz":"JONA..N ZI","AdithyaNarayan":"ADIT..ASAN","ryoarmanda":"RYO ..ANDA"}}
