{"authorDailyContributionsMap":{"moziliar":[{"date":"2020-12-06","commitResults":[{"hash":"1df3085c9fcaaf6fe7edb4b6f49331ac84b41c52","messageTitle":"[#10693] Add allow rich text editor frontend option (#10767)","messageBody":"* Add allow rich text editor frontend option\r\n\r\n* Update UI checkbox display\r\n\r\n* Propagate allow rich text option to backend and reflect in FE\r\n\r\n* Refactor change to text editor option to be contained in text type\r\n\r\n* Update UI\r\n\r\n* Update submission UI to toggle between plain and rich text\r\n\r\n* Enable deletion of existing responses on change from rich to plain text\r\n\r\n* Fix lint\r\n\r\n* Retake snapshot\r\n\r\n* Refactor naming of rich text option\r\n\r\n* Change boolean to Boxed type\r\n\r\n* Change CSS id to class\r\n\r\n* Fix lint\r\n\r\n* Localize change to text alignment in text qn edit details\r\n\r\n* Change assert to Assumption\r\n\r\n* Remove unused lines\r\n\r\n* Add row to html\r\n\r\n* Fix indentation\r\n\r\n* Remove unnecessary state\r\n\r\n* Add test case for default rich text option\r\n\r\n* Add inline checkbox toggle\r\n\r\n* Update snapshot\r\n\r\n* Fix unit test\r\n\r\n* Fix lint\r\n\r\n* Change boolean to boxed type\r\n\r\nCo-authored-by: Ahmed Bahajjaj \u003cAhmed_Bahajjaj@u.nus.edu\u003e","fileTypesAndContributionMap":{"java":{"insertions":27,"deletions":2},"scss":{"insertions":18,"deletions":0},"html":{"insertions":14,"deletions":2},"ts":{"insertions":5,"deletions":2}}}]},{"date":"2021-02-22","commitResults":[{"hash":"ea6a418961e08ccc23bcfff81d3afff1a3f60c8f","messageTitle":"[#10953] Create mock course script (#10954)","messageBody":"* Add mock course data generator script\r\n\r\n* Parameterize the feedback participant type\r\n\r\n* Refactor the script class\r\n\r\nCo-authored-by: Rahul Rajesh \u003crahul.rajesh.bhat@gmail.com\u003e\r\nCo-authored-by: Ahmed Bahajjaj \u003cAhmed_Bahajjaj@u.nus.edu\u003e","fileTypesAndContributionMap":{"java":{"insertions":239,"deletions":0}}}]}],"t-cheepeng":[{"date":"2021-02-08","commitResults":[{"hash":"7028ec98a877aa7b5b6cceb953f10f0976221463","messageTitle":"[#10920] Add frontend test for user join page component #10942","messageBody":"","fileTypesAndContributionMap":{"ts":{"insertions":139,"deletions":1}}}]},{"date":"2021-03-02","commitResults":[{"hash":"4c8d6fb01890e2e1f536aa5b5b0ac22fbcac297c","messageTitle":"[#9480] Add frontend tests to session result component (#10918)","messageBody":"* Add snapshot test to session result component\r\n\r\n* Add unit test for reg key validation\r\n\r\n* Add additional tests for session with questions","fileTypesAndContributionMap":{"html":{"insertions":1,"deletions":1},"ts":{"insertions":494,"deletions":5}}}]}],"kkangs0226":[],"ptvrajsk":[],"halfwhole":[{"date":"2021-01-08","commitResults":[{"hash":"f426f68f727952309971d89f7cf3666b6e49b7d7","messageTitle":"[#10590] Add template question: Animation not smooth (#10889)","messageBody":"Co-authored-by: Ahmed Bahajjaj \u003cAhmed_Bahajjaj@u.nus.edu\u003e","fileTypesAndContributionMap":{"scss":{"insertions":4,"deletions":0},"ts":{"insertions":2,"deletions":1}}}]},{"date":"2021-02-26","commitResults":[{"hash":"3c3a3b66180d8298ecea25077625aef6f7fd2b56","messageTitle":"[#10920] Add front-end tests for instructor courses page (#10967)","messageBody":"* Add front-end tests for instructor courses page\r\n\r\n* Add more front-end tests for instructor courses page\r\n\r\nCo-authored-by: Ahmed Bahajjaj \u003cAhmed_Bahajjaj@u.nus.edu\u003e","fileTypesAndContributionMap":{"html":{"insertions":4,"deletions":4},"ts":{"insertions":407,"deletions":19}}}]},{"date":"2021-03-03","commitResults":[{"hash":"3869c599376e08d7e7559bc18fd6572c5bf624f6","messageTitle":"[#10700] Handle CSRF token problem better (#10951)","messageBody":"* Display alternative error handling for missing CSRF tokens\r\n\r\n* Add handling for invalid CSRF token error message\r\n\r\n* Remove redundant disabling of send button\r\n\r\nCo-authored-by: Ahmed Bahajjaj \u003cAhmed_Bahajjaj@u.nus.edu\u003e","fileTypesAndContributionMap":{"html":{"insertions":36,"deletions":20},"ts":{"insertions":7,"deletions":0}}}]}],"dcshzj":[],"gerhean":[],"rolandyuwy":[],"HCY123902":[],"jianhandev":[{"date":"2020-12-19","commitResults":[{"hash":"2417752bbe8ab3eec1c38f50b13e668c5e7e9118","messageTitle":"[#10805] Browse by topic listing comes over the text (fix padding) (#10864)","messageBody":"* Fix UI bug in instructor help page\r\n\r\n* Fix length-zero-no-unit in queries.scss\r\n\r\n* Move media queries to end of scss file and remove queries.scss\r\n\r\n* Delete modified package-lock.json\r\n\r\n* Undo changes in package-lock.json\r\n\r\nCo-authored-by: t-cheepeng \u003ctcp97@hotmail.com\u003e\r\nCo-authored-by: Jeremy \u003cChooJeremy@Ymail.com\u003e\r\nCo-authored-by: Ahmed Bahajjaj \u003cAhmed_Bahajjaj@u.nus.edu\u003e","fileTypesAndContributionMap":{"scss":{"insertions":10,"deletions":0}}}]},{"date":"2020-12-25","commitResults":[{"hash":"19761aa9de3510f12fc061c47e8aae01ec82b5f1","messageTitle":"[#10788] Instructor view student list: incorrect state shown very briefly (feedback session page) (#10871)","messageBody":"* Fix UI bug in instructor help page\r\n\r\n* Fix length-zero-no-unit in queries.scss\r\n\r\n* Add boolean flag and second check in session-edit-form component\r\n\r\n* Remove accidental changes\r\n\r\n* Remove hasCourseLoaded flag from instructor sessions page component\r\n\r\n* Remove boolean flag as input from session edit form component\r\n\r\n* Disable Add New Feedback Session button when courses are still loading","fileTypesAndContributionMap":{"html":{"insertions":2,"deletions":2}}}]},{"date":"2021-02-22","commitResults":[{"hash":"9f3703d03514a31a4859ed2f7ea0dca25bebdaea","messageTitle":"[#10788] Instructor view student list: incorrect state shown very briefly (student list page) (#10872)","messageBody":"* Fix UI bug in instructor help page\r\n\r\n* Fix length-zero-no-unit in queries.scss\r\n\r\n* Add second check to ensure student has loaded before checking the number of students in student list page\r\n\r\n* Undo accidental changes\r\n\r\nCo-authored-by: Ahmed Bahajjaj \u003cAhmed_Bahajjaj@u.nus.edu\u003e","fileTypesAndContributionMap":{"html":{"insertions":1,"deletions":1}}}]}],"Derek-Hardy":[{"date":"2021-02-08","commitResults":[{"hash":"d85934b6f65eadf0783b463f0e80dc7eecd81b46","messageTitle":"[#10885] Fixed unresponsive question tab in instructor help page (#10921)","messageBody":"* Updated grid system and fixed question tab expansion glitch in instructor help page\r\n\r\n* update snapshot for question edit form\r\n\r\n* update media max-width to fit medium screen size of grid system\r\n\r\n* removed flex changes in question-edit-form.component.html, added it only in help page instead","fileTypesAndContributionMap":{"scss":{"insertions":2,"deletions":6},"html":{"insertions":2,"deletions":2}}}]},{"date":"2021-02-09","commitResults":[{"hash":"5621286df24b2780ae7f4966fdbd3269822ec033","messageTitle":"[#10920] Add front-end tests for student home page component (#10925)","messageBody":"* Initial commit on student home page test\r\n\r\n* Add test cases for sortBy ID and names; add more snapshot test cases\r\n\r\n* Add test cases for router link navigation\r\n\r\n* Add test cases for button \u0026 session status\r\n\r\n* Add test cases for loadStudentCourses API endpoint\r\n\r\n* refactored common data stubs for brevity \u0026 commented unix timestamp translation\r\n\r\nCo-authored-by: Ahmed Bahajjaj \u003cAhmed_Bahajjaj@u.nus.edu\u003e","fileTypesAndContributionMap":{"html":{"insertions":10,"deletions":8},"ts":{"insertions":752,"deletions":30}}}]},{"date":"2021-02-13","commitResults":[{"hash":"f99d48dd05eafdc31e2a0b47ec5435c0c0badef3","messageTitle":"[#10920] Add front-end tests for instructor home page component (#10935)","messageBody":"* Add test cases for loadCourses and loadFeedbackSessions\r\n\r\n* Add test cases for getter and tab expansion\r\n\r\n* Add test cases for archive course\r\n\r\n* Add test cases for delete course\r\n\r\n* refactored common data stubs for brevity\r\n\r\n* commented on unix timestamp translation\r\n\r\n* refactored duplicate test data for course and feedbackSession","fileTypesAndContributionMap":{"html":{"insertions":1,"deletions":1},"ts":{"insertions":228,"deletions":75}}}]}],"daongochieu2810":[{"date":"2020-12-22","commitResults":[{"hash":"993ade3ec2b4d143e09ff844f498e07497db59a7","messageTitle":"[#1501] Add unit tests for FeedbackRankQuestionDetails and FeedbackTextResponseDetails classes (#10868)","messageBody":"* Add unit tests for Feedback*QuestionDetails classes\r\n\r\n* Fix CI errors\r\n\r\n* Fixed as suggested\r\n\r\n* Fixed as suggested\r\n\r\n* Change as requested\r\n\r\n* Fix lint errors","fileTypesAndContributionMap":{"java":{"insertions":98,"deletions":0}}}]},{"date":"2021-01-26","commitResults":[{"hash":"82cdd0b5cba3f426485978385a45ad0a872cf1ba","messageTitle":"[#9480] Add unit tests for feedback-path.pipe.spec.ts and question-edit-form-component.spec.ts (#10916)","messageBody":"* Add tests for feedback-path.pipe.ts\r\n\r\n* Add unit tests for question-edit-form.component.spec.ts\r\n\r\n* Change as requested\r\n\r\n* Fix lint errors\r\n\r\n* Remove diff in angular.json\r\n\r\nCo-authored-by: Jeremy \u003cChooJeremy@Ymail.com\u003e\r\nCo-authored-by: Ahmed Bahajjaj \u003cAhmed_Bahajjaj@u.nus.edu\u003e","fileTypesAndContributionMap":{"ts":{"insertions":118,"deletions":2}}}]},{"date":"2021-02-02","commitResults":[{"hash":"96408a3f3a89ae9092a7f3ca4bdd7e46942f0dc9","messageTitle":"[#10902] Skip \u0027session closed\u0027 email if already submitted (#10914)","messageBody":"* Add student filter to feedback session closed email\r\n\r\n* Fix style errors\r\n\r\n* Rename variables as requested\r\n\r\n* Update comment\r\n\r\nCo-authored-by: Ahmed Bahajjaj \u003cAhmed_Bahajjaj@u.nus.edu\u003e\r\nCo-authored-by: Jeremy \u003cChooJeremy@Ymail.com\u003e","fileTypesAndContributionMap":{"java":{"insertions":20,"deletions":6}}}]},{"date":"2021-02-15","commitResults":[{"hash":"05562cc45172bf4e750e3d0ea7ca8d3cd7b93369","messageTitle":"[#10928] Add script to list active instructors within a period (#10947)","messageBody":"* Add script to list active instructors\r\n\r\n* Change date input format to human-readable version\r\n\r\n* Change from ArrayList to Set\r\n\r\n* Enhance the script with binary search\r\n\r\n* Replace full load with filter load\r\n\r\n* Rectify filter field","fileTypesAndContributionMap":{"java":{"insertions":52,"deletions":0}}}]},{"date":"2021-03-05","commitResults":[{"hash":"c35f79cc897022eba16233a49cc33f5dc0cff934","messageTitle":"[#10979] Highlight today date and add today button (#10980)","messageBody":"* Highlight today date and add today button\r\n\r\n* Move today button to footer\r\n\r\n* Fix hidden dates issue\r\n\r\n* Refactor code\r\n\r\n* Remove day template\r\n\r\n* Fix css style\r\n\r\n* Refactor template name\r\n\r\nCo-authored-by: Ahmed Bahajjaj \u003cAhmed_Bahajjaj@u.nus.edu\u003e","fileTypesAndContributionMap":{"scss":{"insertions":16,"deletions":0},"html":{"insertions":33,"deletions":4},"ts":{"insertions":2,"deletions":2}}}]}],"dingyuchen":[],"raysonkoh":[],"teikjun":[{"date":"2021-01-19","commitResults":[{"hash":"7a4c7c51b0bc2c1ff3e72ea9310c2fff8a579134","messageTitle":"[#10809] Instructor editing sessions: Remove \u0027Done Editing\u0027 button (#10911)","messageBody":"* Remove \u0027Done Editing\u0027 button\r\n\r\n* Remove a newline\r\n\r\nCo-authored-by: Ahmed Bahajjaj \u003cAhmed_Bahajjaj@u.nus.edu\u003e","fileTypesAndContributionMap":{"html":{"insertions":1,"deletions":6},"ts":{"insertions":0,"deletions":18}}}]}],"wxwxwxwx9":[],"seanlowjk":[],"jonahtanjz":[],"AdithyaNarayan":[{"date":"2021-01-25","commitResults":[{"hash":"aadf695fbfd7889eccca9832a0d0f27f122c9f6a","messageTitle":"[#10564] Feedback session question options: unable to select text by dragging cursor (#10884)","messageBody":"* Extract dragger from rank component\r\n\r\n* Extract drag button from constsum question\r\n\r\n* Add flexbox to parent and flex-grow to input box\r\n\r\n* Remove d-flex class\r\n\r\nCo-authored-by: Adithya Narayan Rangarajan Sreenivasan \u003ce0426343@u.nus.edu\u003e\r\nCo-authored-by: Ni Tianzhen \u003cnitianzhen1210@gmail.com\u003e\r\nCo-authored-by: Ahmed Bahajjaj \u003cAhmed_Bahajjaj@u.nus.edu\u003e","fileTypesAndContributionMap":{"scss":{"insertions":40,"deletions":2},"html":{"insertions":22,"deletions":20}}}]},{"date":"2021-02-08","commitResults":[{"hash":"40e8947009c4a61d6b9f30720b06b720bc963e82","messageTitle":"[#10806] [UI issue][Help for instructor page][Questions section] non uniformity in the full stop at the end of the sentence (#10883)","messageBody":"* Add punctuation to all points\r\n\r\n* Add punctuation to all sections in instructor help page\r\n\r\nCo-authored-by: Adithya Narayan Rangarajan Sreenivasan \u003ce0426343@u.nus.edu\u003e\r\nCo-authored-by: Ahmed Bahajjaj \u003cAhmed_Bahajjaj@u.nus.edu\u003e","fileTypesAndContributionMap":{"html":{"insertions":65,"deletions":65}}}]},{"date":"2021-02-22","commitResults":[{"hash":"4e443205d9c351e0b95d011504548cdcbe5a3f63","messageTitle":"[#8918] Instructor: view results: questions for ranking: show rank within team (#10895)","messageBody":"* Add team rank and team rank excluding self\r\n\r\n* Add test for team rank\r\n\r\n* Update snapshots\r\n\r\n* Fix lint errors\r\n\r\n* Add recipient type check for team rank calculation\r\n\r\n* Trigger re-run of e2e tests\r\n\r\n* Add help page and declerative methods\r\n\r\n* Move test-data from json into spec.ts file","fileTypesAndContributionMap":{"html":{"insertions":9,"deletions":0},"ts":{"insertions":223,"deletions":41}}}]}],"ryoarmanda":[]},"authorFileTypeContributionMap":{"moziliar":{"java":265,"js":0,"scss":18,"md":0,"py":0,"tag":0,"html":14,"ts":4},"t-cheepeng":{"java":0,"js":0,"scss":0,"md":0,"py":0,"tag":0,"html":1,"ts":630},"kkangs0226":{"java":0,"js":0,"scss":0,"md":0,"py":0,"tag":0,"html":0,"ts":0},"ptvrajsk":{"java":0,"js":0,"scss":0,"md":0,"py":0,"tag":0,"html":0,"ts":0},"halfwhole":{"java":0,"js":0,"scss":4,"md":0,"py":0,"tag":0,"html":18,"ts":416},"dcshzj":{"java":0,"js":0,"scss":0,"md":0,"py":0,"tag":0,"html":0,"ts":0},"gerhean":{"java":0,"js":0,"scss":0,"md":0,"py":0,"tag":0,"html":0,"ts":0},"rolandyuwy":{"java":0,"js":0,"scss":0,"md":0,"py":0,"tag":0,"html":0,"ts":0},"HCY123902":{"java":0,"js":0,"scss":0,"md":0,"py":0,"tag":0,"html":0,"ts":0},"jianhandev":{"java":0,"js":0,"scss":9,"md":0,"py":0,"tag":0,"html":3,"ts":0},"Derek-Hardy":{"java":0,"js":0,"scss":2,"md":0,"py":0,"tag":0,"html":13,"ts":872},"daongochieu2810":{"java":166,"js":0,"scss":16,"md":0,"py":0,"tag":0,"html":33,"ts":118},"dingyuchen":{"java":0,"js":0,"scss":0,"md":0,"py":0,"tag":0,"html":0,"ts":0},"raysonkoh":{"java":0,"js":0,"scss":0,"md":0,"py":0,"tag":0,"html":0,"ts":0},"teikjun":{"java":0,"js":0,"scss":0,"md":0,"py":0,"tag":0,"html":1,"ts":0},"wxwxwxwx9":{"java":0,"js":0,"scss":0,"md":0,"py":0,"tag":0,"html":0,"ts":0},"seanlowjk":{"java":0,"js":0,"scss":0,"md":0,"py":0,"tag":0,"html":0,"ts":0},"jonahtanjz":{"java":0,"js":0,"scss":0,"md":0,"py":0,"tag":0,"html":0,"ts":0},"AdithyaNarayan":{"java":0,"js":0,"scss":40,"md":0,"py":0,"tag":0,"html":84,"ts":223},"ryoarmanda":{"java":0,"js":0,"scss":0,"md":0,"py":0,"tag":0,"html":0,"ts":0}},"authorContributionVariance":{"moziliar":642.2729,"t-cheepeng":2802.9045,"kkangs0226":0.0,"ptvrajsk":0.0,"halfwhole":1996.8434,"dcshzj":0.0,"gerhean":0.0,"rolandyuwy":0.0,"HCY123902":0.0,"jianhandev":1.2347927,"Derek-Hardy":7579.3213,"daongochieu2810":308.6452,"dingyuchen":0.0,"raysonkoh":0.0,"teikjun":6.509706,"wxwxwxwx9":0.0,"seanlowjk":0.0,"jonahtanjz":0.0,"AdithyaNarayan":1010.40546,"ryoarmanda":0.0},"authorDisplayNameMap":{"moziliar":"MO Z..GRAN","t-cheepeng":"TAN ..PENG","kkangs0226":"KANG.. MIN","ptvrajsk":"PRIT..UMAR","halfwhole":"LIM .. WEI","dcshzj":"HSU .. JUN","gerhean":"CHAN..HEAN","rolandyuwy":"ROLA..YANG","HCY123902":"HUAN..NGYU","jianhandev":"LI J..NHAN","Derek-Hardy":"ZHUA..NJIE","daongochieu2810":"DAO ..HIEU","dingyuchen":"DING..CHEN","raysonkoh":"KOH ..YSON","teikjun":"TAN .. JUN","wxwxwxwx9":"ONG ..IANG","seanlowjk":"LOW ..SEAN","jonahtanjz":"JONA..N ZI","AdithyaNarayan":"ADIT..ASAN","ryoarmanda":"RYO ..ANDA"}}
