{"authorDailyContributionsMap":{"t-cheepeng":[{"date":"2021-02-08","commitResults":[{"hash":"7028ec98a877aa7b5b6cceb953f10f0976221463","messageTitle":"[#10920] Add frontend test for user join page component #10942","messageBody":"","fileTypesAndContributionMap":{"ts":{"insertions":139,"deletions":1}}}]},{"date":"2021-03-02","commitResults":[{"hash":"4c8d6fb01890e2e1f536aa5b5b0ac22fbcac297c","messageTitle":"[#9480] Add frontend tests to session result component (#10918)","messageBody":"* Add snapshot test to session result component\r\n\r\n* Add unit test for reg key validation\r\n\r\n* Add additional tests for session with questions","fileTypesAndContributionMap":{"html":{"insertions":1,"deletions":1},"ts":{"insertions":494,"deletions":5}}}]},{"date":"2021-03-22","commitResults":[{"hash":"f28a9f5dc2d43dda02324d4b02fd13276e7e5637","messageTitle":"[#10969] Search form for audit logs page (#11006)","messageBody":"* Add routing to audit logs page\r\n\r\n* Add search form for audit logs page\r\n\r\n* Restructure form for search button\r\n\r\n* Reword message and add sort for courses\r\n\r\n* Restructure form and change input to dropdown","fileTypesAndContributionMap":{"scss":{"insertions":4,"deletions":0},"html":{"insertions":75,"deletions":0},"ts":{"insertions":151,"deletions":0}}}]},{"date":"2021-03-29","commitResults":[{"hash":"670300c00fc1b6520bfa8f7349a4341aa5aafcf1","messageTitle":"[#10969] Instructor Audit Logs Frontend (#11047)","messageBody":"* Add method to fetch logs\r\n\r\n* Add logs results table\r\n\r\n* Add in disabled search button and optional params\r\n\r\n* Restrict datepicker to log retention period\r\n\r\n* Reword 30 day limit message\r\n\r\n* Add backend validation for session logs time param\r\n\r\n* Shift click event to select tag\r\n\r\n* Change click to ngModelChange and remove unnecessary checks\r\n\r\n* Hide navbar link for instructor logs page","fileTypesAndContributionMap":{"java":{"insertions":24,"deletions":0},"scss":{"insertions":8,"deletions":1},"html":{"insertions":25,"deletions":8},"ts":{"insertions":161,"deletions":7}}}]}],"halfwhole":[{"date":"2021-01-08","commitResults":[{"hash":"f426f68f727952309971d89f7cf3666b6e49b7d7","messageTitle":"[#10590] Add template question: Animation not smooth (#10889)","messageBody":"Co-authored-by: Ahmed Bahajjaj \u003cAhmed_Bahajjaj@u.nus.edu\u003e","fileTypesAndContributionMap":{"scss":{"insertions":4,"deletions":0},"ts":{"insertions":2,"deletions":1}}}]},{"date":"2021-02-26","commitResults":[{"hash":"3c3a3b66180d8298ecea25077625aef6f7fd2b56","messageTitle":"[#10920] Add front-end tests for instructor courses page (#10967)","messageBody":"* Add front-end tests for instructor courses page\r\n\r\n* Add more front-end tests for instructor courses page\r\n\r\nCo-authored-by: Ahmed Bahajjaj \u003cAhmed_Bahajjaj@u.nus.edu\u003e","fileTypesAndContributionMap":{"html":{"insertions":4,"deletions":4},"ts":{"insertions":407,"deletions":19}}}]},{"date":"2021-03-03","commitResults":[{"hash":"3869c599376e08d7e7559bc18fd6572c5bf624f6","messageTitle":"[#10700] Handle CSRF token problem better (#10951)","messageBody":"* Display alternative error handling for missing CSRF tokens\r\n\r\n* Add handling for invalid CSRF token error message\r\n\r\n* Remove redundant disabling of send button\r\n\r\nCo-authored-by: Ahmed Bahajjaj \u003cAhmed_Bahajjaj@u.nus.edu\u003e","fileTypesAndContributionMap":{"html":{"insertions":36,"deletions":20},"ts":{"insertions":7,"deletions":0}}}]},{"date":"2021-03-11","commitResults":[{"hash":"a8a1834d4175850588204e1cfc0a573e705809d5","messageTitle":"[#8532] Sessions: instructor view results: stop showing a random identifier for anonymous responses (#10890)","messageBody":"Co-authored-by: Ahmed Bahajjaj \u003cAhmed_Bahajjaj@u.nus.edu\u003e","fileTypesAndContributionMap":{"ts":{"insertions":32,"deletions":0}}}]},{"date":"2021-03-22","commitResults":[{"hash":"d435c91867e8e9a62e9dfe5ca9cfdd66e806b936","messageTitle":"[#10950] Add logging endpoint for audit logs (#10985)","messageBody":"* Add logging endpoint for audit logs\r\n\r\n* Remove commented-out logic and shift constants into Const.java\r\n\r\n* Change authentication level for audit logs tracking","fileTypesAndContributionMap":{"java":{"insertions":35,"deletions":1}}},{"hash":"a9b117a158856af620193b29a5b81b508514ca2c","messageTitle":"[#10950] Add logging endpoint for audit logs (#10985)","messageBody":"* Add logging endpoint for audit logs\r\n\r\n* Remove commented-out logic and shift constants into Const.java\r\n\r\n* Change authentication level for audit logs tracking","fileTypesAndContributionMap":{"java":{"insertions":0,"deletions":4}}},{"hash":"af5fdb754857a984ea539df8115203351a8ca497","messageTitle":"[#10950] Add logging functionality to backend (#10984)","messageBody":"* Add logging functionality to backend\r\n\r\n* Make changes to feedback session log logic\r\n\r\n* Add non null for student email\r\n\r\n* Rename logging to logs and add test skeletons\r\n\r\n* Add ability to retrieve logs via API\r\n\r\n* Fix frontend naming\r\n\r\n* Shift audit log functionality to logging service\r\n\r\n* Remove closing of logger\r\n\r\n* Change frontend components","fileTypesAndContributionMap":{"java":{"insertions":477,"deletions":94},"ts":{"insertions":6,"deletions":6}}},{"hash":"fcb84d933e71c0380d7ea8d55b5963c74b0503fe","messageTitle":"[#10950] Refactor getting of error log entries (#11050)","messageBody":"","fileTypesAndContributionMap":{"java":{"insertions":49,"deletions":25}}}]}],"AdithyaNarayan":[{"date":"2021-01-25","commitResults":[{"hash":"aadf695fbfd7889eccca9832a0d0f27f122c9f6a","messageTitle":"[#10564] Feedback session question options: unable to select text by dragging cursor (#10884)","messageBody":"* Extract dragger from rank component\r\n\r\n* Extract drag button from constsum question\r\n\r\n* Add flexbox to parent and flex-grow to input box\r\n\r\n* Remove d-flex class\r\n\r\nCo-authored-by: Adithya Narayan Rangarajan Sreenivasan \u003ce0426343@u.nus.edu\u003e\r\nCo-authored-by: Ni Tianzhen \u003cnitianzhen1210@gmail.com\u003e\r\nCo-authored-by: Ahmed Bahajjaj \u003cAhmed_Bahajjaj@u.nus.edu\u003e","fileTypesAndContributionMap":{"scss":{"insertions":40,"deletions":2},"html":{"insertions":22,"deletions":20}}}]},{"date":"2021-02-08","commitResults":[{"hash":"40e8947009c4a61d6b9f30720b06b720bc963e82","messageTitle":"[#10806] [UI issue][Help for instructor page][Questions section] non uniformity in the full stop at the end of the sentence (#10883)","messageBody":"* Add punctuation to all points\r\n\r\n* Add punctuation to all sections in instructor help page\r\n\r\nCo-authored-by: Adithya Narayan Rangarajan Sreenivasan \u003ce0426343@u.nus.edu\u003e\r\nCo-authored-by: Ahmed Bahajjaj \u003cAhmed_Bahajjaj@u.nus.edu\u003e","fileTypesAndContributionMap":{"html":{"insertions":65,"deletions":65}}}]},{"date":"2021-02-22","commitResults":[{"hash":"4e443205d9c351e0b95d011504548cdcbe5a3f63","messageTitle":"[#8918] Instructor: view results: questions for ranking: show rank within team (#10895)","messageBody":"* Add team rank and team rank excluding self\r\n\r\n* Add test for team rank\r\n\r\n* Update snapshots\r\n\r\n* Fix lint errors\r\n\r\n* Add recipient type check for team rank calculation\r\n\r\n* Trigger re-run of e2e tests\r\n\r\n* Add help page and declerative methods\r\n\r\n* Move test-data from json into spec.ts file","fileTypesAndContributionMap":{"html":{"insertions":9,"deletions":0},"ts":{"insertions":223,"deletions":41}}}]},{"date":"2021-03-22","commitResults":[{"hash":"c091443083f97add6969b015b058be16cab57bea","messageTitle":"Revert config files (#10978)","messageBody":"Co-authored-by: Adithya Narayan Rangarajan Sreenivasan \u003ce0426343@u.nus.edu\u003e","fileTypesAndContributionMap":{"java":{"insertions":118,"deletions":0}}},{"hash":"ba8cc293d31102dd49b6ac9ea46422c169f57df9","messageTitle":"[#10950] Track student feedback session in frontend (#11005)","messageBody":"* Add tracking to frontend\r\n\r\n* Fix test case for log service\r\n\r\n* Fix lint\r\n\r\n* Add fsname to params\r\n\r\n* Shift log creation to loadPersonName\r\n\r\nCo-authored-by: Adithya Narayan Rangarajan Sreenivasan \u003ce0426343@u.nus.edu\u003e","fileTypesAndContributionMap":{"java":{"insertions":27,"deletions":0},"ts":{"insertions":82,"deletions":1}}},{"hash":"82f77fd1442805d93d5476d259fdb0a2a43078c3","messageTitle":"Revert config files (#10978)","messageBody":"Co-authored-by: Adithya Narayan Rangarajan Sreenivasan \u003ce0426343@u.nus.edu\u003e","fileTypesAndContributionMap":{"java":{"insertions":4,"deletions":0}}}]},{"date":"2021-03-25","commitResults":[{"hash":"a3fe5bc849dc88189201eddbb2a790b310da69f5","messageTitle":"Change to email (#11062)","messageBody":"","fileTypesAndContributionMap":{"ts":{"insertions":1,"deletions":1}}}]}]},"authorFileTypeContributionMap":{"t-cheepeng":{"java":24,"js":0,"scss":11,"md":0,"py":0,"tag":0,"html":93,"ts":935},"halfwhole":{"java":556,"js":0,"scss":4,"md":0,"py":0,"tag":0,"html":18,"ts":454},"AdithyaNarayan":{"java":54,"js":0,"scss":40,"md":0,"py":0,"tag":0,"html":84,"ts":299}},"authorContributionVariance":{"t-cheepeng":3092.4043,"halfwhole":5600.2656,"AdithyaNarayan":1243.2317},"authorDisplayNameMap":{"t-cheepeng":"TAN ..PENG","halfwhole":"LIM .. WEI","AdithyaNarayan":"ADIT..ASAN"}}
