{
  "authorDailyContributionsMap": {
    "t-cheepeng": [
      {
        "date": "2021-02-08",
        "commitResults": [
          {
            "hash": "7028ec98a877aa7b5b6cceb953f10f0976221463",
            "messageTitle": "[#10920] Add frontend test for user join page component #10942",
            "messageBody": "",
            "fileTypesAndContributionMap": {
              "ts": {
                "insertions": 139,
                "deletions": 1
              }
            }
          }
        ]
      },
      {
        "date": "2021-03-02",
        "commitResults": [
          {
            "hash": "4c8d6fb01890e2e1f536aa5b5b0ac22fbcac297c",
            "messageTitle": "[#9480] Add frontend tests to session result component (#10918)",
            "messageBody": "* Add snapshot test to session result component\r\n\r\n* Add unit test for reg key validation\r\n\r\n* Add additional tests for session with questions",
            "fileTypesAndContributionMap": {
              "html": {
                "insertions": 1,
                "deletions": 1
              },
              "ts": {
                "insertions": 494,
                "deletions": 5
              }
            }
          }
        ]
      }
    ],
    "halfwhole": [
      {
        "date": "2021-01-08",
        "commitResults": [
          {
            "hash": "f426f68f727952309971d89f7cf3666b6e49b7d7",
            "messageTitle": "[#10590] Add template question: Animation not smooth (#10889)",
            "messageBody": "Co-authored-by: Ahmed Bahajjaj \u003cAhmed_Bahajjaj@u.nus.edu\u003e",
            "fileTypesAndContributionMap": {
              "scss": {
                "insertions": 4,
                "deletions": 0
              },
              "ts": {
                "insertions": 2,
                "deletions": 1
              }
            }
          }
        ]
      },
      {
        "date": "2021-02-26",
        "commitResults": [
          {
            "hash": "3c3a3b66180d8298ecea25077625aef6f7fd2b56",
            "messageTitle": "[#10920] Add front-end tests for instructor courses page (#10967)",
            "messageBody": "* Add front-end tests for instructor courses page\r\n\r\n* Add more front-end tests for instructor courses page\r\n\r\nCo-authored-by: Ahmed Bahajjaj \u003cAhmed_Bahajjaj@u.nus.edu\u003e",
            "fileTypesAndContributionMap": {
              "html": {
                "insertions": 4,
                "deletions": 4
              },
              "ts": {
                "insertions": 407,
                "deletions": 19
              }
            }
          }
        ]
      },
      {
        "date": "2021-03-03",
        "commitResults": [
          {
            "hash": "3869c599376e08d7e7559bc18fd6572c5bf624f6",
            "messageTitle": "[#10700] Handle CSRF token problem better (#10951)",
            "messageBody": "* Display alternative error handling for missing CSRF tokens\r\n\r\n* Add handling for invalid CSRF token error message\r\n\r\n* Remove redundant disabling of send button\r\n\r\nCo-authored-by: Ahmed Bahajjaj \u003cAhmed_Bahajjaj@u.nus.edu\u003e",
            "fileTypesAndContributionMap": {
              "html": {
                "insertions": 36,
                "deletions": 20
              },
              "ts": {
                "insertions": 7,
                "deletions": 0
              }
            }
          }
        ]
      },
      {
        "date": "2021-03-04",
        "commitResults": [
          {
            "hash": "8b55b96a74d443c2dcc7c8b2b1b40af1574ee5ee",
            "messageTitle": "[#10950] Add logging endpoint for audit logs (#10985)",
            "messageBody": "* Add logging endpoint for audit logs\r\n\r\n* Remove commented-out logic and shift constants into Const.java\r\n\r\n* Change authentication level for audit logs tracking",
            "fileTypesAndContributionMap": {
              "java": {
                "insertions": 35,
                "deletions": 1
              }
            }
          }
        ]
      }
    ],
    "AdithyaNarayan": [
      {
        "date": "2021-01-25",
        "commitResults": [
          {
            "hash": "aadf695fbfd7889eccca9832a0d0f27f122c9f6a",
            "messageTitle": "[#10564] Feedback session question options: unable to select text by dragging cursor (#10884)",
            "messageBody": "* Extract dragger from rank component\r\n\r\n* Extract drag button from constsum question\r\n\r\n* Add flexbox to parent and flex-grow to input box\r\n\r\n* Remove d-flex class\r\n\r\nCo-authored-by: Adithya Narayan Rangarajan Sreenivasan \u003ce0426343@u.nus.edu\u003e\r\nCo-authored-by: Ni Tianzhen \u003cnitianzhen1210@gmail.com\u003e\r\nCo-authored-by: Ahmed Bahajjaj \u003cAhmed_Bahajjaj@u.nus.edu\u003e",
            "fileTypesAndContributionMap": {
              "scss": {
                "insertions": 40,
                "deletions": 2
              },
              "html": {
                "insertions": 22,
                "deletions": 20
              }
            }
          }
        ]
      },
      {
        "date": "2021-02-08",
        "commitResults": [
          {
            "hash": "40e8947009c4a61d6b9f30720b06b720bc963e82",
            "messageTitle": "[#10806] [UI issue][Help for instructor page][Questions section] non uniformity in the full stop at the end of the sentence (#10883)",
            "messageBody": "* Add punctuation to all points\r\n\r\n* Add punctuation to all sections in instructor help page\r\n\r\nCo-authored-by: Adithya Narayan Rangarajan Sreenivasan \u003ce0426343@u.nus.edu\u003e\r\nCo-authored-by: Ahmed Bahajjaj \u003cAhmed_Bahajjaj@u.nus.edu\u003e",
            "fileTypesAndContributionMap": {
              "html": {
                "insertions": 65,
                "deletions": 65
              }
            }
          }
        ]
      },
      {
        "date": "2021-02-22",
        "commitResults": [
          {
            "hash": "4e443205d9c351e0b95d011504548cdcbe5a3f63",
            "messageTitle": "[#8918] Instructor: view results: questions for ranking: show rank within team (#10895)",
            "messageBody": "* Add team rank and team rank excluding self\r\n\r\n* Add test for team rank\r\n\r\n* Update snapshots\r\n\r\n* Fix lint errors\r\n\r\n* Add recipient type check for team rank calculation\r\n\r\n* Trigger re-run of e2e tests\r\n\r\n* Add help page and declerative methods\r\n\r\n* Move test-data from json into spec.ts file",
            "fileTypesAndContributionMap": {
              "html": {
                "insertions": 9,
                "deletions": 0
              },
              "ts": {
                "insertions": 223,
                "deletions": 41
              }
            }
          }
        ]
      }
    ]
  },
  "authorFileTypeContributionMap": {
    "t-cheepeng": {
      "java": 0,
      "js": 0,
      "scss": 0,
      "md": 0,
      "py": 0,
      "tag": 0,
      "html": 1,
      "ts": 630
    },
    "halfwhole": {
      "java": 35,
      "js": 0,
      "scss": 4,
      "md": 0,
      "py": 0,
      "tag": 0,
      "html": 18,
      "ts": 416
    },
    "AdithyaNarayan": {
      "java": 0,
      "js": 0,
      "scss": 40,
      "md": 0,
      "py": 0,
      "tag": 0,
      "html": 84,
      "ts": 223
    }
  },
  "authorContributionVariance": {
    "t-cheepeng": 2832.2332,
    "halfwhole": 2027.3179,
    "AdithyaNarayan": 1020.87195
  },
  "authorDisplayNameMap": {
    "t-cheepeng": "TAN ..PENG",
    "halfwhole": "LIM .. WEI",
    "AdithyaNarayan": "ADIT..ASAN"
  }
}
